filename, numbers, seuil, timeQuickSeuil, timeQuickRdmSeuil
./exemplaires/testset_1000_0.txt,1000,0,0.3397,0.43023
./exemplaires/testset_1000_0.txt,1000,2,0.3273,0.60875
./exemplaires/testset_1000_0.txt,1000,3,0.4743,0.63422
./exemplaires/testset_1000_0.txt,1000,4,0.4747,2.06527
./exemplaires/testset_1000_0.txt,1000,5,0.5701,0.72246
./exemplaires/testset_1000_0.txt,1000,8,0.4856,0.66851
./exemplaires/testset_1000_0.txt,1000,10,1.373,0.55807
./exemplaires/testset_1000_0.txt,1000,15,0.3737,0.42835
./exemplaires/testset_1000_0.txt,1000,20,0.4055,0.54964
./exemplaires/testset_1000_0.txt,1000,30,0.7188,0.48803
./exemplaires/testset_1000_0.txt,1000,50,0.7002,0.47346
./exemplaires/testset_1000_0.txt,1000,75,1.3782,0.66888
./exemplaires/testset_1000_0.txt,1000,100,1.58,0.52128
./exemplaires/testset_1000_0.txt,1000,150,1.6008,0.48285
./exemplaires/testset_1000_0.txt,1000,200,2.2454,0.43555
./exemplaires/testset_1000_1.txt,1000,0,0.3726,0.50957
./exemplaires/testset_1000_1.txt,1000,2,0.535,0.38099
./exemplaires/testset_1000_1.txt,1000,3,0.357,0.36555
./exemplaires/testset_1000_1.txt,1000,4,0.3566,0.38759
./exemplaires/testset_1000_1.txt,1000,5,0.3564,0.35487
./exemplaires/testset_1000_1.txt,1000,8,0.3688,0.35476
./exemplaires/testset_1000_1.txt,1000,10,0.383,0.33288
./exemplaires/testset_1000_1.txt,1000,15,0.4305,0.46409
./exemplaires/testset_1000_1.txt,1000,20,0.656,0.4599
./exemplaires/testset_1000_1.txt,1000,30,0.5603,0.35495
./exemplaires/testset_1000_1.txt,1000,50,0.6981,0.43084
./exemplaires/testset_1000_1.txt,1000,75,0.8637,0.35514
./exemplaires/testset_1000_1.txt,1000,100,1.0594,0.35516
./exemplaires/testset_1000_1.txt,1000,150,1.5252,0.38093
./exemplaires/testset_1000_1.txt,1000,200,2.0477,0.32857
./exemplaires/testset_1000_2.txt,1000,0,0.3273,0.371
./exemplaires/testset_1000_2.txt,1000,2,0.3081,0.41315
./exemplaires/testset_1000_2.txt,1000,3,0.3081,0.37227
./exemplaires/testset_1000_2.txt,1000,4,0.3059,0.37126
./exemplaires/testset_1000_2.txt,1000,5,0.3077,0.37264
./exemplaires/testset_1000_2.txt,1000,8,0.3204,0.36014
./exemplaires/testset_1000_2.txt,1000,10,0.3023,0.34342
./exemplaires/testset_1000_2.txt,1000,15,0.3399,0.34333
./exemplaires/testset_1000_2.txt,1000,20,0.3789,0.34334
./exemplaires/testset_1000_2.txt,1000,30,0.4564,0.8121
./exemplaires/testset_1000_2.txt,1000,50,0.6805,0.37339
./exemplaires/testset_1000_2.txt,1000,75,0.8794,0.3837
./exemplaires/testset_1000_2.txt,1000,100,1.0494,0.34525
./exemplaires/testset_1000_2.txt,1000,150,1.4829,0.393
./exemplaires/testset_1000_2.txt,1000,200,1.8915,0.38306
./exemplaires/testset_1000_3.txt,1000,0,0.4992,0.53654
./exemplaires/testset_1000_3.txt,1000,2,0.4685,0.56328
./exemplaires/testset_1000_3.txt,1000,3,0.4665,0.53903
./exemplaires/testset_1000_3.txt,1000,4,0.4701,0.53952
./exemplaires/testset_1000_3.txt,1000,5,0.4622,0.42524
./exemplaires/testset_1000_3.txt,1000,8,0.3412,0.3708
./exemplaires/testset_1000_3.txt,1000,10,0.332,0.34646
./exemplaires/testset_1000_3.txt,1000,15,0.3467,0.3477
./exemplaires/testset_1000_3.txt,1000,20,0.3919,0.39327
./exemplaires/testset_1000_3.txt,1000,30,0.4463,0.34248
./exemplaires/testset_1000_3.txt,1000,50,0.6086,0.34236
./exemplaires/testset_1000_3.txt,1000,75,0.8927,0.47144
./exemplaires/testset_1000_3.txt,1000,100,1.0681,0.34234
./exemplaires/testset_1000_3.txt,1000,150,1.4491,0.34242
./exemplaires/testset_1000_3.txt,1000,200,2.2595,0.34258
./exemplaires/testset_1000_4.txt,1000,0,0.3188,0.49285
./exemplaires/testset_1000_4.txt,1000,2,0.4108,0.4959
./exemplaires/testset_1000_4.txt,1000,3,0.4036,0.49126
./exemplaires/testset_1000_4.txt,1000,4,0.5084,0.36525
./exemplaires/testset_1000_4.txt,1000,5,0.3016,0.36573
./exemplaires/testset_1000_4.txt,1000,8,0.3064,0.36717
./exemplaires/testset_1000_4.txt,1000,10,0.3152,0.40872
./exemplaires/testset_1000_4.txt,1000,15,0.3432,0.36444
./exemplaires/testset_1000_4.txt,1000,20,0.3783,0.36594
./exemplaires/testset_1000_4.txt,1000,30,0.4755,0.3659
./exemplaires/testset_1000_4.txt,1000,50,0.6735,0.37474
./exemplaires/testset_1000_4.txt,1000,75,0.8521,0.3359
./exemplaires/testset_1000_4.txt,1000,100,1.0096,0.33607
./exemplaires/testset_1000_4.txt,1000,150,1.6091,0.39081
./exemplaires/testset_1000_4.txt,1000,200,1.9457,0.36294
./exemplaires/testset_1000_5.txt,1000,0,0.3481,0.4182
./exemplaires/testset_1000_5.txt,1000,2,0.3459,0.3691
./exemplaires/testset_1000_5.txt,1000,3,0.3443,0.36775
./exemplaires/testset_1000_5.txt,1000,4,0.3406,0.41802
./exemplaires/testset_1000_5.txt,1000,5,0.3416,0.36953
./exemplaires/testset_1000_5.txt,1000,8,0.3521,0.36889
./exemplaires/testset_1000_5.txt,1000,10,0.3595,0.36904
./exemplaires/testset_1000_5.txt,1000,15,0.3935,0.41539
./exemplaires/testset_1000_5.txt,1000,20,0.4391,0.36788
./exemplaires/testset_1000_5.txt,1000,30,0.534,0.36906
./exemplaires/testset_1000_5.txt,1000,50,0.68,0.36922
./exemplaires/testset_1000_5.txt,1000,75,1.1237,0.47967
./exemplaires/testset_1000_5.txt,1000,100,1.3235,0.3711
./exemplaires/testset_1000_5.txt,1000,150,1.5846,0.44397
./exemplaires/testset_1000_5.txt,1000,200,3.446,0.56037
./exemplaires/testset_1000_6.txt,1000,0,0.3538,0.36032
./exemplaires/testset_1000_6.txt,1000,2,0.2867,0.38959
./exemplaires/testset_1000_6.txt,1000,3,0.3081,0.38329
./exemplaires/testset_1000_6.txt,1000,4,0.3056,0.38295
./exemplaires/testset_1000_6.txt,1000,5,0.3068,0.38279
./exemplaires/testset_1000_6.txt,1000,8,0.3172,0.5368
./exemplaires/testset_1000_6.txt,1000,10,0.4328,0.51603
./exemplaires/testset_1000_6.txt,1000,15,0.4846,0.52532
./exemplaires/testset_1000_6.txt,1000,20,0.4003,0.38301
./exemplaires/testset_1000_6.txt,1000,30,0.5018,0.38253
./exemplaires/testset_1000_6.txt,1000,50,0.6375,0.38318
./exemplaires/testset_1000_6.txt,1000,75,0.8794,0.53275
./exemplaires/testset_1000_6.txt,1000,100,1.686,0.55761
./exemplaires/testset_1000_6.txt,1000,150,1.9946,0.45935
./exemplaires/testset_1000_6.txt,1000,200,2.3656,0.38361
./exemplaires/testset_1000_7.txt,1000,0,0.3712,0.49003
./exemplaires/testset_1000_7.txt,1000,2,0.3327,0.3928
./exemplaires/testset_1000_7.txt,1000,3,0.3346,0.39275
./exemplaires/testset_1000_7.txt,1000,4,0.3284,0.51866
./exemplaires/testset_1000_7.txt,1000,5,0.484,0.56163
./exemplaires/testset_1000_7.txt,1000,8,0.4852,0.51451
./exemplaires/testset_1000_7.txt,1000,10,0.9806,0.54672
./exemplaires/testset_1000_7.txt,1000,15,0.3943,0.39283
./exemplaires/testset_1000_7.txt,1000,20,0.429,0.39402
./exemplaires/testset_1000_7.txt,1000,30,0.8032,0.39465
./exemplaires/testset_1000_7.txt,1000,50,0.7188,0.40212
./exemplaires/testset_1000_7.txt,1000,75,0.8853,0.39237
./exemplaires/testset_1000_7.txt,1000,100,1.1835,0.44259
./exemplaires/testset_1000_7.txt,1000,150,1.8192,0.39828
./exemplaires/testset_1000_7.txt,1000,200,2.6114,0.40918
./exemplaires/testset_1000_8.txt,1000,0,0.3679,0.48207
./exemplaires/testset_1000_8.txt,1000,2,0.4922,0.49281
./exemplaires/testset_1000_8.txt,1000,3,0.4657,0.49297
./exemplaires/testset_1000_8.txt,1000,4,0.8469,0.37086
./exemplaires/testset_1000_8.txt,1000,5,0.3454,0.36787
./exemplaires/testset_1000_8.txt,1000,8,0.3579,0.36748
./exemplaires/testset_1000_8.txt,1000,10,0.3696,0.43859
./exemplaires/testset_1000_8.txt,1000,15,0.637,0.48637
./exemplaires/testset_1000_8.txt,1000,20,0.4447,0.36726
./exemplaires/testset_1000_8.txt,1000,30,0.5284,0.42469
./exemplaires/testset_1000_8.txt,1000,50,0.7426,0.36558
./exemplaires/testset_1000_8.txt,1000,75,0.8417,0.37349
./exemplaires/testset_1000_8.txt,1000,100,1.2114,0.36724
./exemplaires/testset_1000_8.txt,1000,150,1.8399,0.36756
./exemplaires/testset_1000_8.txt,1000,200,2.0658,0.38451
./exemplaires/testset_1000_9.txt,1000,0,0.3207,0.42143
./exemplaires/testset_1000_9.txt,1000,2,0.3199,0.38197
./exemplaires/testset_1000_9.txt,1000,3,0.3152,0.38174
./exemplaires/testset_1000_9.txt,1000,4,0.3146,0.38295
./exemplaires/testset_1000_9.txt,1000,5,0.5358,0.55668
./exemplaires/testset_1000_9.txt,1000,8,0.4753,0.55591
./exemplaires/testset_1000_9.txt,1000,10,0.4843,0.51842
./exemplaires/testset_1000_9.txt,1000,15,0.3733,0.38126
./exemplaires/testset_1000_9.txt,1000,20,0.4129,0.38478
./exemplaires/testset_1000_9.txt,1000,30,0.4944,0.38014
./exemplaires/testset_1000_9.txt,1000,50,0.7903,0.38049
./exemplaires/testset_1000_9.txt,1000,75,0.8633,0.38196
./exemplaires/testset_1000_9.txt,1000,100,1.0896,0.38209
./exemplaires/testset_1000_9.txt,1000,150,1.5046,0.43332
./exemplaires/testset_1000_9.txt,1000,200,2.3739,0.38331
./exemplaires/testset_1000_10.txt,1000,0,0.4358,0.39415
./exemplaires/testset_1000_10.txt,1000,2,0.3296,0.39172
./exemplaires/testset_1000_10.txt,1000,3,0.3289,0.39301
./exemplaires/testset_1000_10.txt,1000,4,0.3284,0.4904
./exemplaires/testset_1000_10.txt,1000,5,0.4407,0.51342
./exemplaires/testset_1000_10.txt,1000,8,0.4608,0.51641
./exemplaires/testset_1000_10.txt,1000,10,0.6086,0.52143
./exemplaires/testset_1000_10.txt,1000,15,0.5126,0.51397
./exemplaires/testset_1000_10.txt,1000,20,0.553,0.49568
./exemplaires/testset_1000_10.txt,1000,30,0.5085,0.37839
./exemplaires/testset_1000_10.txt,1000,50,0.6977,0.37824
./exemplaires/testset_1000_10.txt,1000,75,0.9347,0.37826
./exemplaires/testset_1000_10.txt,1000,100,1.5554,0.52183
./exemplaires/testset_1000_10.txt,1000,150,1.983,0.51769
./exemplaires/testset_1000_10.txt,1000,200,3.1555,0.38207
./exemplaires/testset_1000_11.txt,1000,0,0.3688,0.33617
./exemplaires/testset_1000_11.txt,1000,2,0.2947,0.32999
./exemplaires/testset_1000_11.txt,1000,3,0.2968,0.52333
./exemplaires/testset_1000_11.txt,1000,4,0.3221,0.35568
./exemplaires/testset_1000_11.txt,1000,5,0.3209,0.35571
./exemplaires/testset_1000_11.txt,1000,8,0.335,0.3827
./exemplaires/testset_1000_11.txt,1000,10,0.3462,0.35436
./exemplaires/testset_1000_11.txt,1000,15,0.3822,0.35431
./exemplaires/testset_1000_11.txt,1000,20,0.418,0.35453
./exemplaires/testset_1000_11.txt,1000,30,0.5012,0.55082
./exemplaires/testset_1000_11.txt,1000,50,0.9823,0.41586
./exemplaires/testset_1000_11.txt,1000,75,1.3157,0.4772
./exemplaires/testset_1000_11.txt,1000,100,1.5466,0.35609
./exemplaires/testset_1000_11.txt,1000,150,1.7881,0.35688
./exemplaires/testset_1000_11.txt,1000,200,2.0109,0.39801
./exemplaires/testset_1000_12.txt,1000,0,0.3213,0.36755
./exemplaires/testset_1000_12.txt,1000,2,0.3136,0.36857
./exemplaires/testset_1000_12.txt,1000,3,0.313,0.40922
./exemplaires/testset_1000_12.txt,1000,4,0.3151,0.38147
./exemplaires/testset_1000_12.txt,1000,5,0.3248,0.36557
./exemplaires/testset_1000_12.txt,1000,8,0.3289,0.36846
./exemplaires/testset_1000_12.txt,1000,10,0.3424,0.4134
./exemplaires/testset_1000_12.txt,1000,15,0.3801,0.36162
./exemplaires/testset_1000_12.txt,1000,20,0.4211,0.36189
./exemplaires/testset_1000_12.txt,1000,30,0.5009,0.40633
./exemplaires/testset_1000_12.txt,1000,50,0.6709,0.36023
./exemplaires/testset_1000_12.txt,1000,75,0.8087,0.36158
./exemplaires/testset_1000_12.txt,1000,100,1.0884,0.36179
./exemplaires/testset_1000_12.txt,1000,150,2.2252,0.36172
./exemplaires/testset_1000_12.txt,1000,200,2.2415,0.36177
./exemplaires/testset_1000_13.txt,1000,0,0.3343,0.4205
./exemplaires/testset_1000_13.txt,1000,2,0.3267,0.37009
./exemplaires/testset_1000_13.txt,1000,3,0.3245,0.3707
./exemplaires/testset_1000_13.txt,1000,4,0.3246,0.38835
./exemplaires/testset_1000_13.txt,1000,5,0.3266,0.3702
./exemplaires/testset_1000_13.txt,1000,8,0.3345,0.37153
./exemplaires/testset_1000_13.txt,1000,10,0.3526,0.37122
./exemplaires/testset_1000_13.txt,1000,15,0.385,0.42881
./exemplaires/testset_1000_13.txt,1000,20,0.4185,0.37159
./exemplaires/testset_1000_13.txt,1000,30,0.4977,0.3716
./exemplaires/testset_1000_13.txt,1000,50,0.6731,0.37152
./exemplaires/testset_1000_13.txt,1000,75,1.0603,0.34984
./exemplaires/testset_1000_13.txt,1000,100,1.1612,0.34843
./exemplaires/testset_1000_13.txt,1000,150,1.6277,0.34275
./exemplaires/testset_1000_13.txt,1000,200,2.1593,0.36188
./exemplaires/testset_1000_14.txt,1000,0,0.3471,0.34292
./exemplaires/testset_1000_14.txt,1000,2,0.2962,0.34015
./exemplaires/testset_1000_14.txt,1000,3,0.2967,0.38834
./exemplaires/testset_1000_14.txt,1000,4,0.298,0.34153
./exemplaires/testset_1000_14.txt,1000,5,0.2978,0.34007
./exemplaires/testset_1000_14.txt,1000,8,0.3122,0.33999
./exemplaires/testset_1000_14.txt,1000,10,0.3184,0.55736
./exemplaires/testset_1000_14.txt,1000,15,0.479,0.35347
./exemplaires/testset_1000_14.txt,1000,20,0.3868,0.35286
./exemplaires/testset_1000_14.txt,1000,30,0.4607,0.38785
./exemplaires/testset_1000_14.txt,1000,50,0.6946,0.3417
./exemplaires/testset_1000_14.txt,1000,75,0.8951,0.3415
./exemplaires/testset_1000_14.txt,1000,100,1.1597,0.41321
./exemplaires/testset_1000_14.txt,1000,150,1.6742,0.36933
./exemplaires/testset_1000_14.txt,1000,200,2.3936,0.36926
./exemplaires/testset_1000_15.txt,1000,0,0.3385,0.34656
./exemplaires/testset_1000_15.txt,1000,2,0.2903,0.36932
./exemplaires/testset_1000_15.txt,1000,3,0.2914,0.33724
./exemplaires/testset_1000_15.txt,1000,4,0.2898,0.33728
./exemplaires/testset_1000_15.txt,1000,5,0.2917,0.33725
./exemplaires/testset_1000_15.txt,1000,8,0.3045,0.38614
./exemplaires/testset_1000_15.txt,1000,10,0.3158,0.33902
./exemplaires/testset_1000_15.txt,1000,15,0.3421,0.33915
./exemplaires/testset_1000_15.txt,1000,20,0.3804,0.33912
./exemplaires/testset_1000_15.txt,1000,30,0.4767,0.35003
./exemplaires/testset_1000_15.txt,1000,50,0.5924,0.33926
./exemplaires/testset_1000_15.txt,1000,75,0.933,0.3393
./exemplaires/testset_1000_15.txt,1000,100,1.1125,0.3392
./exemplaires/testset_1000_15.txt,1000,150,2.4551,0.33969
./exemplaires/testset_1000_15.txt,1000,200,2.15,0.33944
./exemplaires/testset_1000_16.txt,1000,0,0.3302,0.43302
./exemplaires/testset_1000_16.txt,1000,2,0.3184,0.42015
./exemplaires/testset_1000_16.txt,1000,3,0.2963,0.45053
./exemplaires/testset_1000_16.txt,1000,4,0.2978,0.40216
./exemplaires/testset_1000_16.txt,1000,5,0.2993,0.40232
./exemplaires/testset_1000_16.txt,1000,8,0.3159,0.4165
./exemplaires/testset_1000_16.txt,1000,10,0.3219,0.4064
./exemplaires/testset_1000_16.txt,1000,15,0.3528,0.40047
./exemplaires/testset_1000_16.txt,1000,20,0.395,0.40069
./exemplaires/testset_1000_16.txt,1000,30,0.4504,0.43675
./exemplaires/testset_1000_16.txt,1000,50,0.6151,0.40242
./exemplaires/testset_1000_16.txt,1000,75,0.8653,0.40229
./exemplaires/testset_1000_16.txt,1000,100,1.0205,0.44724
./exemplaires/testset_1000_16.txt,1000,150,1.5747,0.40277
./exemplaires/testset_1000_16.txt,1000,200,2.0645,0.42396
./exemplaires/testset_1000_17.txt,1000,0,0.2911,0.35771
./exemplaires/testset_1000_17.txt,1000,2,0.2805,0.35736
./exemplaires/testset_1000_17.txt,1000,3,0.2801,0.39646
./exemplaires/testset_1000_17.txt,1000,4,0.2835,0.35729
./exemplaires/testset_1000_17.txt,1000,5,0.2857,0.35702
./exemplaires/testset_1000_17.txt,1000,8,0.2988,0.35731
./exemplaires/testset_1000_17.txt,1000,10,0.3083,0.44527
./exemplaires/testset_1000_17.txt,1000,15,0.4198,0.4052
./exemplaires/testset_1000_17.txt,1000,20,0.3644,0.35775
./exemplaires/testset_1000_17.txt,1000,30,0.471,0.41682
./exemplaires/testset_1000_17.txt,1000,50,0.9624,0.52431
./exemplaires/testset_1000_17.txt,1000,75,1.2517,0.52342
./exemplaires/testset_1000_17.txt,1000,100,1.6835,0.56354
./exemplaires/testset_1000_17.txt,1000,150,2.2213,0.52394
./exemplaires/testset_1000_17.txt,1000,200,3.5704,0.39695
./exemplaires/testset_1000_18.txt,1000,0,0.3648,0.3749
./exemplaires/testset_1000_18.txt,1000,2,0.2893,0.36882
./exemplaires/testset_1000_18.txt,1000,3,0.2911,0.36978
./exemplaires/testset_1000_18.txt,1000,4,0.2919,0.43027
./exemplaires/testset_1000_18.txt,1000,5,0.2906,0.36763
./exemplaires/testset_1000_18.txt,1000,8,0.3008,0.36746
./exemplaires/testset_1000_18.txt,1000,10,0.316,0.38823
./exemplaires/testset_1000_18.txt,1000,15,0.5189,0.53313
./exemplaires/testset_1000_18.txt,1000,20,0.5434,0.53765
./exemplaires/testset_1000_18.txt,1000,30,0.6669,0.506
./exemplaires/testset_1000_18.txt,1000,50,0.6902,0.39809
./exemplaires/testset_1000_18.txt,1000,75,0.8374,0.3988
./exemplaires/testset_1000_18.txt,1000,100,1.1147,0.4749
./exemplaires/testset_1000_18.txt,1000,150,2.2348,0.54248
./exemplaires/testset_1000_18.txt,1000,200,2.7788,0.54875
./exemplaires/testset_1000_19.txt,1000,0,0.3449,0.34677
./exemplaires/testset_1000_19.txt,1000,2,0.3233,0.34603
./exemplaires/testset_1000_19.txt,1000,3,0.6252,0.39862
./exemplaires/testset_1000_19.txt,1000,4,0.3228,0.37646
./exemplaires/testset_1000_19.txt,1000,5,0.3226,0.34401
./exemplaires/testset_1000_19.txt,1000,8,0.3325,0.37066
./exemplaires/testset_1000_19.txt,1000,10,0.3416,0.34482
./exemplaires/testset_1000_19.txt,1000,15,0.37,0.39056
./exemplaires/testset_1000_19.txt,1000,20,0.4054,0.34585
./exemplaires/testset_1000_19.txt,1000,30,0.4874,0.45435
./exemplaires/testset_1000_19.txt,1000,50,0.7641,0.37461
./exemplaires/testset_1000_19.txt,1000,75,1.3915,0.50308
./exemplaires/testset_1000_19.txt,1000,100,1.6688,0.51345
./exemplaires/testset_1000_19.txt,1000,150,2.0729,0.50629
./exemplaires/testset_1000_19.txt,1000,200,2.8954,0.53469
./exemplaires/testset_1000_20.txt,1000,0,2.6086,0.34903
./exemplaires/testset_1000_20.txt,1000,2,2.5919,0.42586
./exemplaires/testset_1000_20.txt,1000,3,2.5888,0.34995
./exemplaires/testset_1000_20.txt,1000,4,2.5938,0.34981
./exemplaires/testset_1000_20.txt,1000,5,3.4092,0.44016
./exemplaires/testset_1000_20.txt,1000,8,2.6069,0.3548
./exemplaires/testset_1000_20.txt,1000,10,3.0555,0.54328
./exemplaires/testset_1000_20.txt,1000,15,4.0866,0.54527
./exemplaires/testset_1000_20.txt,1000,20,2.9768,0.43175
./exemplaires/testset_1000_20.txt,1000,30,2.9277,0.37808
./exemplaires/testset_1000_20.txt,1000,50,4.1095,0.53506
./exemplaires/testset_1000_20.txt,1000,75,4.8317,0.48008
./exemplaires/testset_1000_20.txt,1000,100,3.5386,0.37968
./exemplaires/testset_1000_20.txt,1000,150,4.3082,0.49375
./exemplaires/testset_1000_20.txt,1000,200,6.3489,0.53019
./exemplaires/testset_1000_21.txt,1000,0,4.8923,0.35603
./exemplaires/testset_1000_21.txt,1000,2,3.8709,0.68861
./exemplaires/testset_1000_21.txt,1000,3,5.6149,0.54419
./exemplaires/testset_1000_21.txt,1000,4,5.6989,0.54488
./exemplaires/testset_1000_21.txt,1000,5,5.6004,0.58617
./exemplaires/testset_1000_21.txt,1000,8,6.2885,0.38563
./exemplaires/testset_1000_21.txt,1000,10,5.6053,0.43138
./exemplaires/testset_1000_21.txt,1000,15,3.583,0.3594
./exemplaires/testset_1000_21.txt,1000,20,4.7761,0.43339
./exemplaires/testset_1000_21.txt,1000,30,3.6448,0.50875
./exemplaires/testset_1000_21.txt,1000,50,3.7658,0.37578
./exemplaires/testset_1000_21.txt,1000,75,3.9486,0.49196
./exemplaires/testset_1000_21.txt,1000,100,6.4128,0.54955
./exemplaires/testset_1000_21.txt,1000,150,8.125,0.54547
./exemplaires/testset_1000_21.txt,1000,200,8.0443,0.54553
./exemplaires/testset_1000_22.txt,1000,0,1.7858,0.56518
./exemplaires/testset_1000_22.txt,1000,2,1.7655,0.53849
./exemplaires/testset_1000_22.txt,1000,3,1.7744,0.55909
./exemplaires/testset_1000_22.txt,1000,4,1.7852,0.54052
./exemplaires/testset_1000_22.txt,1000,5,1.7796,0.53989
./exemplaires/testset_1000_22.txt,1000,8,1.4555,0.34962
./exemplaires/testset_1000_22.txt,1000,10,1.1344,0.35034
./exemplaires/testset_1000_22.txt,1000,15,1.1534,0.3506
./exemplaires/testset_1000_22.txt,1000,20,1.186,1.02163
./exemplaires/testset_1000_22.txt,1000,30,1.9839,0.58948
./exemplaires/testset_1000_22.txt,1000,50,2.3358,0.53721
./exemplaires/testset_1000_22.txt,1000,75,2.8396,0.49863
./exemplaires/testset_1000_22.txt,1000,100,3.1531,0.52922
./exemplaires/testset_1000_22.txt,1000,150,3.9806,0.37962
./exemplaires/testset_1000_22.txt,1000,200,3.5739,0.3518
./exemplaires/testset_1000_23.txt,1000,0,0.806,0.31939
./exemplaires/testset_1000_23.txt,1000,2,0.711,0.3158
./exemplaires/testset_1000_23.txt,1000,3,1.1766,0.31561
./exemplaires/testset_1000_23.txt,1000,4,0.7103,0.31559
./exemplaires/testset_1000_23.txt,1000,5,0.7146,0.33842
./exemplaires/testset_1000_23.txt,1000,8,0.7189,0.32954
./exemplaires/testset_1000_23.txt,1000,10,0.7256,0.31556
./exemplaires/testset_1000_23.txt,1000,15,0.7591,0.31552
./exemplaires/testset_1000_23.txt,1000,20,0.7812,0.3155
./exemplaires/testset_1000_23.txt,1000,30,0.8539,0.37376
./exemplaires/testset_1000_23.txt,1000,50,1.041,0.31593
./exemplaires/testset_1000_23.txt,1000,75,1.2562,0.32531
./exemplaires/testset_1000_23.txt,1000,100,1.5734,0.31553
./exemplaires/testset_1000_23.txt,1000,150,1.9279,0.32083
./exemplaires/testset_1000_23.txt,1000,200,2.3039,0.32879
./exemplaires/testset_1000_24.txt,1000,0,0.995,0.36801
./exemplaires/testset_1000_24.txt,1000,2,0.9513,0.34471
./exemplaires/testset_1000_24.txt,1000,3,0.9478,0.3445
./exemplaires/testset_1000_24.txt,1000,4,0.9498,0.38477
./exemplaires/testset_1000_24.txt,1000,5,0.9538,0.34566
./exemplaires/testset_1000_24.txt,1000,8,0.9613,0.34566
./exemplaires/testset_1000_24.txt,1000,10,0.9698,0.34927
./exemplaires/testset_1000_24.txt,1000,15,1.2333,0.35868
./exemplaires/testset_1000_24.txt,1000,20,1.0215,0.34463
./exemplaires/testset_1000_24.txt,1000,30,1.1104,0.34456
./exemplaires/testset_1000_24.txt,1000,50,1.2654,0.3808
./exemplaires/testset_1000_24.txt,1000,75,1.5866,0.34552
./exemplaires/testset_1000_24.txt,1000,100,1.9023,0.34567
./exemplaires/testset_1000_24.txt,1000,150,2.1049,0.36496
./exemplaires/testset_1000_24.txt,1000,200,2.6009,0.34554
./exemplaires/testset_1000_25.txt,1000,0,2.3775,0.3147
./exemplaires/testset_1000_25.txt,1000,2,2.6955,0.31675
./exemplaires/testset_1000_25.txt,1000,3,2.3637,0.31232
./exemplaires/testset_1000_25.txt,1000,4,2.3651,0.37149
./exemplaires/testset_1000_25.txt,1000,5,5.784,0.3183
./exemplaires/testset_1000_25.txt,1000,8,2.3706,0.35647
./exemplaires/testset_1000_25.txt,1000,10,2.5507,0.31261
./exemplaires/testset_1000_25.txt,1000,15,2.3872,0.31217
./exemplaires/testset_1000_25.txt,1000,20,2.4088,0.36041
./exemplaires/testset_1000_25.txt,1000,30,2.4649,0.31211
./exemplaires/testset_1000_25.txt,1000,50,2.6033,0.31236
./exemplaires/testset_1000_25.txt,1000,75,3.483,0.31268
./exemplaires/testset_1000_25.txt,1000,100,2.9243,0.31232
./exemplaires/testset_1000_25.txt,1000,150,3.5059,0.36723
./exemplaires/testset_1000_25.txt,1000,200,3.9287,0.31234
./exemplaires/testset_1000_26.txt,1000,0,1.2083,0.30851
./exemplaires/testset_1000_26.txt,1000,2,1.0703,0.35797
./exemplaires/testset_1000_26.txt,1000,3,1.0712,0.30839
./exemplaires/testset_1000_26.txt,1000,4,1.0713,0.32076
./exemplaires/testset_1000_26.txt,1000,5,1.4731,0.30938
./exemplaires/testset_1000_26.txt,1000,8,1.079,0.32212
./exemplaires/testset_1000_26.txt,1000,10,1.0859,0.3092
./exemplaires/testset_1000_26.txt,1000,15,1.1087,0.31291
./exemplaires/testset_1000_26.txt,1000,20,1.1327,0.34759
./exemplaires/testset_1000_26.txt,1000,30,1.2562,0.30928
./exemplaires/testset_1000_26.txt,1000,50,1.3976,0.30918
./exemplaires/testset_1000_26.txt,1000,75,1.656,0.31195
./exemplaires/testset_1000_26.txt,1000,100,2.1487,0.31031
./exemplaires/testset_1000_26.txt,1000,150,2.2406,0.3093
./exemplaires/testset_1000_26.txt,1000,200,3.3081,0.34732
./exemplaires/testset_1000_27.txt,1000,0,2.2149,0.37623
./exemplaires/testset_1000_27.txt,1000,2,2.2299,0.31532
./exemplaires/testset_1000_27.txt,1000,3,2.2079,0.3137
./exemplaires/testset_1000_27.txt,1000,4,2.2087,0.3883
./exemplaires/testset_1000_27.txt,1000,5,2.2369,0.31363
./exemplaires/testset_1000_27.txt,1000,8,2.2153,0.31316
./exemplaires/testset_1000_27.txt,1000,10,3.1581,0.43454
./exemplaires/testset_1000_27.txt,1000,15,2.4793,0.31392
./exemplaires/testset_1000_27.txt,1000,20,2.2591,0.35384
./exemplaires/testset_1000_27.txt,1000,30,2.3087,0.31316
./exemplaires/testset_1000_27.txt,1000,50,2.4172,0.31352
./exemplaires/testset_1000_27.txt,1000,75,2.7851,0.31364
./exemplaires/testset_1000_27.txt,1000,100,2.8884,0.31364
./exemplaires/testset_1000_27.txt,1000,150,3.3988,0.35639
./exemplaires/testset_1000_27.txt,1000,200,4.1105,0.33807
./exemplaires/testset_1000_28.txt,1000,0,1.3705,0.37129
./exemplaires/testset_1000_28.txt,1000,2,1.3565,0.37108
./exemplaires/testset_1000_28.txt,1000,3,1.3566,0.4063
./exemplaires/testset_1000_28.txt,1000,4,2.0364,0.39207
./exemplaires/testset_1000_28.txt,1000,5,1.3727,0.37084
./exemplaires/testset_1000_28.txt,1000,8,1.3709,0.36527
./exemplaires/testset_1000_28.txt,1000,10,1.4333,0.34353
./exemplaires/testset_1000_28.txt,1000,15,1.3031,0.34739
./exemplaires/testset_1000_28.txt,1000,20,1.3384,0.39773
./exemplaires/testset_1000_28.txt,1000,30,1.432,0.39234
./exemplaires/testset_1000_28.txt,1000,50,1.6325,0.34269
./exemplaires/testset_1000_28.txt,1000,75,1.7952,0.37176
./exemplaires/testset_1000_28.txt,1000,100,2.1079,0.35706
./exemplaires/testset_1000_28.txt,1000,150,2.6103,0.34352
./exemplaires/testset_1000_28.txt,1000,200,3.1948,0.34376
./exemplaires/testset_1000_29.txt,1000,0,3.0784,0.31278
./exemplaires/testset_1000_29.txt,1000,2,2.9518,0.38335
./exemplaires/testset_1000_29.txt,1000,3,3.5143,0.31383
./exemplaires/testset_1000_29.txt,1000,4,2.9345,0.3221
./exemplaires/testset_1000_29.txt,1000,5,3.461,0.3136
./exemplaires/testset_1000_29.txt,1000,8,2.9387,0.31347
./exemplaires/testset_1000_29.txt,1000,10,3.7649,0.31256
./exemplaires/testset_1000_29.txt,1000,15,2.9711,0.31244
./exemplaires/testset_1000_29.txt,1000,20,2.9955,0.37252
./exemplaires/testset_1000_29.txt,1000,30,3.074,0.31346
./exemplaires/testset_1000_29.txt,1000,50,3.2723,0.31249
./exemplaires/testset_1000_29.txt,1000,75,3.8017,0.31271
./exemplaires/testset_1000_29.txt,1000,100,3.547,0.31249
./exemplaires/testset_1000_29.txt,1000,150,4.5333,0.31264
./exemplaires/testset_1000_29.txt,1000,200,4.1535,0.31239
./exemplaires/testset_5000_0.txt,5000,0,1.9971,2.60358
./exemplaires/testset_5000_0.txt,5000,2,3.0325,3.06683
./exemplaires/testset_5000_0.txt,5000,3,1.8602,2.34021
./exemplaires/testset_5000_0.txt,5000,4,1.8519,2.39714
./exemplaires/testset_5000_0.txt,5000,5,1.8574,3.2404
./exemplaires/testset_5000_0.txt,5000,8,3.0479,3.51714
./exemplaires/testset_5000_0.txt,5000,10,3.3163,3.14152
./exemplaires/testset_5000_0.txt,5000,15,2.6548,3.17155
./exemplaires/testset_5000_0.txt,5000,20,2.4785,2.52112
./exemplaires/testset_5000_0.txt,5000,30,2.9018,2.39866
./exemplaires/testset_5000_0.txt,5000,50,3.5762,2.383
./exemplaires/testset_5000_0.txt,5000,75,5.0435,2.72254
./exemplaires/testset_5000_0.txt,5000,100,8.1377,3.21971
./exemplaires/testset_5000_0.txt,5000,150,9.5889,2.88161
./exemplaires/testset_5000_0.txt,5000,200,11.6424,3.03799
./exemplaires/testset_5000_1.txt,5000,0,2.1996,2.35877
./exemplaires/testset_5000_1.txt,5000,2,2.1179,2.28929
./exemplaires/testset_5000_1.txt,5000,3,2.2934,2.21009
./exemplaires/testset_5000_1.txt,5000,4,1.9441,2.11244
./exemplaires/testset_5000_1.txt,5000,5,2.3434,2.21903
./exemplaires/testset_5000_1.txt,5000,8,1.9989,2.18103
./exemplaires/testset_5000_1.txt,5000,10,2.0479,2.18738
./exemplaires/testset_5000_1.txt,5000,15,3.5821,3.3517
./exemplaires/testset_5000_1.txt,5000,20,5.279,3.35063
./exemplaires/testset_5000_1.txt,5000,30,4.5955,2.32368
./exemplaires/testset_5000_1.txt,5000,50,3.4985,2.19622
./exemplaires/testset_5000_1.txt,5000,75,5.2169,2.28878
./exemplaires/testset_5000_1.txt,5000,100,5.9701,2.14628
./exemplaires/testset_5000_1.txt,5000,150,8.0253,2.13448
./exemplaires/testset_5000_1.txt,5000,200,10.1387,2.18692
./exemplaires/testset_5000_2.txt,5000,0,2.0822,2.15564
./exemplaires/testset_5000_2.txt,5000,2,2.016,2.13336
./exemplaires/testset_5000_2.txt,5000,3,1.9901,2.17434
./exemplaires/testset_5000_2.txt,5000,4,2.4058,2.14471
./exemplaires/testset_5000_2.txt,5000,5,2.0041,2.20242
./exemplaires/testset_5000_2.txt,5000,8,2.0496,2.14796
./exemplaires/testset_5000_2.txt,5000,10,2.0996,2.14385
./exemplaires/testset_5000_2.txt,5000,15,2.2504,2.10166
./exemplaires/testset_5000_2.txt,5000,20,2.4377,2.14986
./exemplaires/testset_5000_2.txt,5000,30,2.8209,2.12754
./exemplaires/testset_5000_2.txt,5000,50,3.8595,2.23013
./exemplaires/testset_5000_2.txt,5000,75,4.7643,2.13555
./exemplaires/testset_5000_2.txt,5000,100,5.6411,2.39634
./exemplaires/testset_5000_2.txt,5000,150,8.517,2.32045
./exemplaires/testset_5000_2.txt,5000,200,10.1351,2.15841
./exemplaires/testset_5000_3.txt,5000,0,2.2801,2.14577
./exemplaires/testset_5000_3.txt,5000,2,2.0324,2.11251
./exemplaires/testset_5000_3.txt,5000,3,2.4209,2.17234
./exemplaires/testset_5000_3.txt,5000,4,2.0208,2.28108
./exemplaires/testset_5000_3.txt,5000,5,2.0178,2.20035
./exemplaires/testset_5000_3.txt,5000,8,2.074,2.16619
./exemplaires/testset_5000_3.txt,5000,10,2.115,2.10477
./exemplaires/testset_5000_3.txt,5000,15,2.2751,2.15507
./exemplaires/testset_5000_3.txt,5000,20,2.4759,2.12852
./exemplaires/testset_5000_3.txt,5000,30,2.9054,2.15089
./exemplaires/testset_5000_3.txt,5000,50,3.7782,2.11492
./exemplaires/testset_5000_3.txt,5000,75,5.1698,2.1439
./exemplaires/testset_5000_3.txt,5000,100,5.664,2.9132
./exemplaires/testset_5000_3.txt,5000,150,9.8946,2.92375
./exemplaires/testset_5000_3.txt,5000,200,15.3913,2.64152
./exemplaires/testset_5000_4.txt,5000,0,2.3635,2.67167
./exemplaires/testset_5000_4.txt,5000,2,2.3037,2.54256
./exemplaires/testset_5000_4.txt,5000,3,2.8081,2.79082
./exemplaires/testset_5000_4.txt,5000,4,3.5184,3.09739
./exemplaires/testset_5000_4.txt,5000,5,2.2985,2.38118
./exemplaires/testset_5000_4.txt,5000,8,2.1459,2.4283
./exemplaires/testset_5000_4.txt,5000,10,2.6945,2.43106
./exemplaires/testset_5000_4.txt,5000,15,2.3502,2.46445
./exemplaires/testset_5000_4.txt,5000,20,3.6076,2.27423
./exemplaires/testset_5000_4.txt,5000,30,2.8926,2.3975
./exemplaires/testset_5000_4.txt,5000,50,3.7463,2.31054
./exemplaires/testset_5000_4.txt,5000,75,4.9236,2.27533
./exemplaires/testset_5000_4.txt,5000,100,6.35,2.27964
./exemplaires/testset_5000_4.txt,5000,150,8.451,2.36968
./exemplaires/testset_5000_4.txt,5000,200,9.9858,2.40096
./exemplaires/testset_5000_5.txt,5000,0,2.9587,2.26332
./exemplaires/testset_5000_5.txt,5000,2,1.8342,2.12402
./exemplaires/testset_5000_5.txt,5000,3,2.186,2.80645
./exemplaires/testset_5000_5.txt,5000,4,1.8136,2.32869
./exemplaires/testset_5000_5.txt,5000,5,1.8309,2.15512
./exemplaires/testset_5000_5.txt,5000,8,1.8835,2.2367
./exemplaires/testset_5000_5.txt,5000,10,1.9679,2.175
./exemplaires/testset_5000_5.txt,5000,15,2.6885,2.37094
./exemplaires/testset_5000_5.txt,5000,20,2.318,2.21657
./exemplaires/testset_5000_5.txt,5000,30,2.5839,2.39052
./exemplaires/testset_5000_5.txt,5000,50,3.7185,2.29097
./exemplaires/testset_5000_5.txt,5000,75,5.5675,2.3716
./exemplaires/testset_5000_5.txt,5000,100,5.7135,2.51115
./exemplaires/testset_5000_5.txt,5000,150,7.543,2.35643
./exemplaires/testset_5000_5.txt,5000,200,10.0631,2.52331
./exemplaires/testset_5000_6.txt,5000,0,1.8634,2.10484
./exemplaires/testset_5000_6.txt,5000,2,1.7921,2.05665
./exemplaires/testset_5000_6.txt,5000,3,1.7684,2.22875
./exemplaires/testset_5000_6.txt,5000,4,2.5555,2.44467
./exemplaires/testset_5000_6.txt,5000,5,2.1666,2.14678
./exemplaires/testset_5000_6.txt,5000,8,1.8325,2.0794
./exemplaires/testset_5000_6.txt,5000,10,2.3245,2.06455
./exemplaires/testset_5000_6.txt,5000,15,2.0408,2.09324
./exemplaires/testset_5000_6.txt,5000,20,2.328,2.09057
./exemplaires/testset_5000_6.txt,5000,30,2.6107,2.06189
./exemplaires/testset_5000_6.txt,5000,50,3.9843,2.11505
./exemplaires/testset_5000_6.txt,5000,75,4.4781,2.10935
./exemplaires/testset_5000_6.txt,5000,100,5.3617,2.08726
./exemplaires/testset_5000_6.txt,5000,150,8.3715,2.14711
./exemplaires/testset_5000_6.txt,5000,200,10.7348,2.15349
./exemplaires/testset_5000_7.txt,5000,0,2.2838,2.18777
./exemplaires/testset_5000_7.txt,5000,2,1.8698,2.25529
./exemplaires/testset_5000_7.txt,5000,3,1.8524,2.18288
./exemplaires/testset_5000_7.txt,5000,4,1.8583,2.18993
./exemplaires/testset_5000_7.txt,5000,5,2.4195,2.18034
./exemplaires/testset_5000_7.txt,5000,8,1.9052,2.10416
./exemplaires/testset_5000_7.txt,5000,10,1.973,2.08611
./exemplaires/testset_5000_7.txt,5000,15,2.1114,2.07849
./exemplaires/testset_5000_7.txt,5000,20,2.2836,2.04509
./exemplaires/testset_5000_7.txt,5000,30,2.707,2.08973
./exemplaires/testset_5000_7.txt,5000,50,3.6289,2.06581
./exemplaires/testset_5000_7.txt,5000,75,4.5343,2.07373
./exemplaires/testset_5000_7.txt,5000,100,5.5248,2.04475
./exemplaires/testset_5000_7.txt,5000,150,8.434,2.06676
./exemplaires/testset_5000_7.txt,5000,200,9.6724,2.06874
./exemplaires/testset_5000_8.txt,5000,0,2.8482,2.56538
./exemplaires/testset_5000_8.txt,5000,2,2.1437,2.59105
./exemplaires/testset_5000_8.txt,5000,3,1.7588,2.10523
./exemplaires/testset_5000_8.txt,5000,4,1.7494,2.24539
./exemplaires/testset_5000_8.txt,5000,5,2.7631,2.22021
./exemplaires/testset_5000_8.txt,5000,8,1.8093,2.22309
./exemplaires/testset_5000_8.txt,5000,10,2.063,2.12504
./exemplaires/testset_5000_8.txt,5000,15,2.3236,2.12662
./exemplaires/testset_5000_8.txt,5000,20,2.207,2.11519
./exemplaires/testset_5000_8.txt,5000,30,2.7396,2.11848
./exemplaires/testset_5000_8.txt,5000,50,3.4631,2.13737
./exemplaires/testset_5000_8.txt,5000,75,4.5718,2.0947
./exemplaires/testset_5000_8.txt,5000,100,5.9678,2.10144
./exemplaires/testset_5000_8.txt,5000,150,7.8412,2.14773
./exemplaires/testset_5000_8.txt,5000,200,10.2719,2.14759
./exemplaires/testset_5000_9.txt,5000,0,1.7968,2.24621
./exemplaires/testset_5000_9.txt,5000,2,1.719,2.25452
./exemplaires/testset_5000_9.txt,5000,3,1.7049,2.20069
./exemplaires/testset_5000_9.txt,5000,4,1.7007,2.22867
./exemplaires/testset_5000_9.txt,5000,5,1.7219,2.26322
./exemplaires/testset_5000_9.txt,5000,8,1.7633,2.18164
./exemplaires/testset_5000_9.txt,5000,10,1.8168,2.17615
./exemplaires/testset_5000_9.txt,5000,15,2.213,2.11197
./exemplaires/testset_5000_9.txt,5000,20,2.238,2.09273
./exemplaires/testset_5000_9.txt,5000,30,2.9002,2.12204
./exemplaires/testset_5000_9.txt,5000,50,3.4052,2.1163
./exemplaires/testset_5000_9.txt,5000,75,4.509,2.10764
./exemplaires/testset_5000_9.txt,5000,100,5.7507,2.16167
./exemplaires/testset_5000_9.txt,5000,150,7.8806,2.12605
./exemplaires/testset_5000_9.txt,5000,200,9.6096,2.11305
./exemplaires/testset_5000_10.txt,5000,0,2.1913,2.21185
./exemplaires/testset_5000_10.txt,5000,2,1.9163,2.24212
./exemplaires/testset_5000_10.txt,5000,3,1.9049,2.15903
./exemplaires/testset_5000_10.txt,5000,4,1.9116,2.19108
./exemplaires/testset_5000_10.txt,5000,5,1.9285,2.23802
./exemplaires/testset_5000_10.txt,5000,8,1.9891,2.40221
./exemplaires/testset_5000_10.txt,5000,10,2.0353,2.25672
./exemplaires/testset_5000_10.txt,5000,15,2.1989,2.16273
./exemplaires/testset_5000_10.txt,5000,20,2.386,2.2908
./exemplaires/testset_5000_10.txt,5000,30,2.7511,2.18037
./exemplaires/testset_5000_10.txt,5000,50,3.7732,2.16711
./exemplaires/testset_5000_10.txt,5000,75,4.6548,2.18719
./exemplaires/testset_5000_10.txt,5000,100,5.7329,2.15231
./exemplaires/testset_5000_10.txt,5000,150,8.7859,2.15122
./exemplaires/testset_5000_10.txt,5000,200,10.4791,2.14075
./exemplaires/testset_5000_11.txt,5000,0,1.8457,2.09682
./exemplaires/testset_5000_11.txt,5000,2,2.2868,2.1455
./exemplaires/testset_5000_11.txt,5000,3,1.7962,2.08754
./exemplaires/testset_5000_11.txt,5000,4,1.7982,2.1924
./exemplaires/testset_5000_11.txt,5000,5,1.8066,2.14012
./exemplaires/testset_5000_11.txt,5000,8,1.8769,2.26539
./exemplaires/testset_5000_11.txt,5000,10,1.9156,2.36
./exemplaires/testset_5000_11.txt,5000,15,2.0937,2.33447
./exemplaires/testset_5000_11.txt,5000,20,2.2879,2.41579
./exemplaires/testset_5000_11.txt,5000,30,2.9375,2.53287
./exemplaires/testset_5000_11.txt,5000,50,3.6986,2.52053
./exemplaires/testset_5000_11.txt,5000,75,4.3365,2.33597
./exemplaires/testset_5000_11.txt,5000,100,7.5585,2.32174
./exemplaires/testset_5000_11.txt,5000,150,7.9556,2.41805
./exemplaires/testset_5000_11.txt,5000,200,10.9198,2.39034
./exemplaires/testset_5000_12.txt,5000,0,2.0703,2.29755
./exemplaires/testset_5000_12.txt,5000,2,1.8455,2.13657
./exemplaires/testset_5000_12.txt,5000,3,1.8473,2.62617
./exemplaires/testset_5000_12.txt,5000,4,1.8844,2.18631
./exemplaires/testset_5000_12.txt,5000,5,1.8706,2.1787
./exemplaires/testset_5000_12.txt,5000,8,1.9275,2.20751
./exemplaires/testset_5000_12.txt,5000,10,1.9831,2.13591
./exemplaires/testset_5000_12.txt,5000,15,2.1305,2.2542
./exemplaires/testset_5000_12.txt,5000,20,2.3446,2.14282
./exemplaires/testset_5000_12.txt,5000,30,2.7385,2.14904
./exemplaires/testset_5000_12.txt,5000,50,3.5318,2.13372
./exemplaires/testset_5000_12.txt,5000,75,5.1216,2.13166
./exemplaires/testset_5000_12.txt,5000,100,5.995,2.16031
./exemplaires/testset_5000_12.txt,5000,150,8.2159,2.17136
./exemplaires/testset_5000_12.txt,5000,200,11.1029,2.13415
./exemplaires/testset_5000_13.txt,5000,0,1.9823,2.3326
./exemplaires/testset_5000_13.txt,5000,2,1.8749,2.26625
./exemplaires/testset_5000_13.txt,5000,3,2.2319,2.14868
./exemplaires/testset_5000_13.txt,5000,4,1.8924,2.21768
./exemplaires/testset_5000_13.txt,5000,5,1.8988,2.1398
./exemplaires/testset_5000_13.txt,5000,8,1.9492,2.07206
./exemplaires/testset_5000_13.txt,5000,10,2.272,2.08576
./exemplaires/testset_5000_13.txt,5000,15,2.1608,2.06427
./exemplaires/testset_5000_13.txt,5000,20,2.5419,2.05567
./exemplaires/testset_5000_13.txt,5000,30,2.7305,2.03965
./exemplaires/testset_5000_13.txt,5000,50,3.8319,2.04029
./exemplaires/testset_5000_13.txt,5000,75,4.7038,2.08063
./exemplaires/testset_5000_13.txt,5000,100,5.7758,2.22864
./exemplaires/testset_5000_13.txt,5000,150,8.5419,2.06732
./exemplaires/testset_5000_13.txt,5000,200,11.7745,2.11082
./exemplaires/testset_5000_14.txt,5000,0,1.8188,2.17579
./exemplaires/testset_5000_14.txt,5000,2,1.7815,2.17972
./exemplaires/testset_5000_14.txt,5000,3,1.7698,2.14816
./exemplaires/testset_5000_14.txt,5000,4,1.7731,2.48525
./exemplaires/testset_5000_14.txt,5000,5,1.9289,2.18235
./exemplaires/testset_5000_14.txt,5000,8,1.8478,2.15078
./exemplaires/testset_5000_14.txt,5000,10,1.9136,2.11083
./exemplaires/testset_5000_14.txt,5000,15,2.0595,2.17923
./exemplaires/testset_5000_14.txt,5000,20,2.2538,2.11982
./exemplaires/testset_5000_14.txt,5000,30,2.6653,2.15359
./exemplaires/testset_5000_14.txt,5000,50,3.5376,2.10104
./exemplaires/testset_5000_14.txt,5000,75,4.8786,2.10037
./exemplaires/testset_5000_14.txt,5000,100,5.5598,2.17944
./exemplaires/testset_5000_14.txt,5000,150,7.7853,2.15218
./exemplaires/testset_5000_14.txt,5000,200,10.8255,2.14567
./exemplaires/testset_5000_15.txt,5000,0,1.8624,2.24358
./exemplaires/testset_5000_15.txt,5000,2,1.8174,2.256
./exemplaires/testset_5000_15.txt,5000,3,1.8187,2.12136
./exemplaires/testset_5000_15.txt,5000,4,1.809,2.26517
./exemplaires/testset_5000_15.txt,5000,5,1.8402,2.20493
./exemplaires/testset_5000_15.txt,5000,8,1.8839,2.14691
./exemplaires/testset_5000_15.txt,5000,10,2.0675,2.11683
./exemplaires/testset_5000_15.txt,5000,15,2.3486,2.13339
./exemplaires/testset_5000_15.txt,5000,20,2.2772,2.14952
./exemplaires/testset_5000_15.txt,5000,30,2.8288,2.12382
./exemplaires/testset_5000_15.txt,5000,50,3.4736,2.13415
./exemplaires/testset_5000_15.txt,5000,75,4.5141,2.11255
./exemplaires/testset_5000_15.txt,5000,100,6.1298,2.13228
./exemplaires/testset_5000_15.txt,5000,150,8.803,2.12738
./exemplaires/testset_5000_15.txt,5000,200,10.4311,2.14225
./exemplaires/testset_5000_16.txt,5000,0,2.9455,2.21031
./exemplaires/testset_5000_16.txt,5000,2,2.0965,2.14878
./exemplaires/testset_5000_16.txt,5000,3,1.8789,2.20865
./exemplaires/testset_5000_16.txt,5000,4,1.8849,2.114
./exemplaires/testset_5000_16.txt,5000,5,1.9315,2.15512
./exemplaires/testset_5000_16.txt,5000,8,1.9726,2.11342
./exemplaires/testset_5000_16.txt,5000,10,1.9952,2.12731
./exemplaires/testset_5000_16.txt,5000,15,2.1634,2.09875
./exemplaires/testset_5000_16.txt,5000,20,2.3314,2.1263
./exemplaires/testset_5000_16.txt,5000,30,2.7204,2.11251
./exemplaires/testset_5000_16.txt,5000,50,3.6023,2.12694
./exemplaires/testset_5000_16.txt,5000,75,4.7801,2.10192
./exemplaires/testset_5000_16.txt,5000,100,7.5804,2.09657
./exemplaires/testset_5000_16.txt,5000,150,8.4264,2.11725
./exemplaires/testset_5000_16.txt,5000,200,10.3138,2.10553
./exemplaires/testset_5000_17.txt,5000,0,2.0489,2.14127
./exemplaires/testset_5000_17.txt,5000,2,1.9963,2.09478
./exemplaires/testset_5000_17.txt,5000,3,2.0058,2.68052
./exemplaires/testset_5000_17.txt,5000,4,2.6917,2.57872
./exemplaires/testset_5000_17.txt,5000,5,2.0132,2.08929
./exemplaires/testset_5000_17.txt,5000,8,2.0674,2.13439
./exemplaires/testset_5000_17.txt,5000,10,2.1226,2.09143
./exemplaires/testset_5000_17.txt,5000,15,2.3314,2.08859
./exemplaires/testset_5000_17.txt,5000,20,2.4945,2.06937
./exemplaires/testset_5000_17.txt,5000,30,3.2557,2.07037
./exemplaires/testset_5000_17.txt,5000,50,3.594,2.59944
./exemplaires/testset_5000_17.txt,5000,75,5.1045,2.33133
./exemplaires/testset_5000_17.txt,5000,100,6.3903,2.14918
./exemplaires/testset_5000_17.txt,5000,150,8.4449,2.10334
./exemplaires/testset_5000_17.txt,5000,200,10.0855,2.09559
./exemplaires/testset_5000_18.txt,5000,0,2.0351,2.07899
./exemplaires/testset_5000_18.txt,5000,2,1.9835,2.22532
./exemplaires/testset_5000_18.txt,5000,3,1.9857,2.10633
./exemplaires/testset_5000_18.txt,5000,4,2.0224,2.11585
./exemplaires/testset_5000_18.txt,5000,5,2.0034,2.13081
./exemplaires/testset_5000_18.txt,5000,8,2.0489,2.13296
./exemplaires/testset_5000_18.txt,5000,10,2.104,2.11657
./exemplaires/testset_5000_18.txt,5000,15,2.2591,2.1147
./exemplaires/testset_5000_18.txt,5000,20,2.4432,2.0777
./exemplaires/testset_5000_18.txt,5000,30,2.8578,2.11199
./exemplaires/testset_5000_18.txt,5000,50,3.5921,2.09612
./exemplaires/testset_5000_18.txt,5000,75,4.9755,2.10251
./exemplaires/testset_5000_18.txt,5000,100,5.7898,2.11067
./exemplaires/testset_5000_18.txt,5000,150,8.3049,2.12385
./exemplaires/testset_5000_18.txt,5000,200,9.5318,2.10121
./exemplaires/testset_5000_19.txt,5000,0,2.2661,2.221
./exemplaires/testset_5000_19.txt,5000,2,1.8497,2.34419
./exemplaires/testset_5000_19.txt,5000,3,1.851,2.19827
./exemplaires/testset_5000_19.txt,5000,4,1.8391,2.85638
./exemplaires/testset_5000_19.txt,5000,5,2.0081,2.54539
./exemplaires/testset_5000_19.txt,5000,8,1.908,2.24132
./exemplaires/testset_5000_19.txt,5000,10,2.4179,2.22852
./exemplaires/testset_5000_19.txt,5000,15,2.1318,2.39097
./exemplaires/testset_5000_19.txt,5000,20,2.3408,2.19648
./exemplaires/testset_5000_19.txt,5000,30,2.7372,2.28717
./exemplaires/testset_5000_19.txt,5000,50,3.5723,2.34839
./exemplaires/testset_5000_19.txt,5000,75,7.0927,3.79416
./exemplaires/testset_5000_19.txt,5000,100,9.092,2.92454
./exemplaires/testset_5000_19.txt,5000,150,11.857,2.91879
./exemplaires/testset_5000_19.txt,5000,200,11.1993,2.65549
./exemplaires/testset_5000_20.txt,5000,0,10.6025,2.2413
./exemplaires/testset_5000_20.txt,5000,2,11.2867,2.21382
./exemplaires/testset_5000_20.txt,5000,3,11.5776,2.33394
./exemplaires/testset_5000_20.txt,5000,4,10.5987,2.25578
./exemplaires/testset_5000_20.txt,5000,5,12.0018,2.15543
./exemplaires/testset_5000_20.txt,5000,8,10.7269,2.12854
./exemplaires/testset_5000_20.txt,5000,10,10.8206,2.13467
./exemplaires/testset_5000_20.txt,5000,15,10.9181,2.12206
./exemplaires/testset_5000_20.txt,5000,20,11.1561,2.15354
./exemplaires/testset_5000_20.txt,5000,30,11.522,1.9778
./exemplaires/testset_5000_20.txt,5000,50,12.9276,1.93052
./exemplaires/testset_5000_20.txt,5000,75,13.6335,1.90533
./exemplaires/testset_5000_20.txt,5000,100,14.8841,1.93159
./exemplaires/testset_5000_20.txt,5000,150,17.2875,1.91604
./exemplaires/testset_5000_20.txt,5000,200,18.727,1.9099
./exemplaires/testset_5000_21.txt,5000,0,4.7766,1.88887
./exemplaires/testset_5000_21.txt,5000,2,4.2788,1.91601
./exemplaires/testset_5000_21.txt,5000,3,4.4209,1.91223
./exemplaires/testset_5000_21.txt,5000,4,4.268,1.9355
./exemplaires/testset_5000_21.txt,5000,5,5.1654,1.93071
./exemplaires/testset_5000_21.txt,5000,8,4.3259,1.92971
./exemplaires/testset_5000_21.txt,5000,10,4.7598,2.20979
./exemplaires/testset_5000_21.txt,5000,15,4.7789,1.99517
./exemplaires/testset_5000_21.txt,5000,20,4.696,1.89254
./exemplaires/testset_5000_21.txt,5000,30,5.4577,1.91966
./exemplaires/testset_5000_21.txt,5000,50,6.0546,1.95121
./exemplaires/testset_5000_21.txt,5000,75,7.4903,1.92944
./exemplaires/testset_5000_21.txt,5000,100,8.6582,1.90756
./exemplaires/testset_5000_21.txt,5000,150,11.8775,1.91529
./exemplaires/testset_5000_21.txt,5000,200,14.8775,1.91171
./exemplaires/testset_5000_22.txt,5000,0,4.0407,1.88911
./exemplaires/testset_5000_22.txt,5000,2,4.3497,1.8902
./exemplaires/testset_5000_22.txt,5000,3,4.0166,1.90072
./exemplaires/testset_5000_22.txt,5000,4,4.2064,2.139
./exemplaires/testset_5000_22.txt,5000,5,4.4183,2.29861
./exemplaires/testset_5000_22.txt,5000,8,7.1145,2.74954
./exemplaires/testset_5000_22.txt,5000,10,4.3923,1.95176
./exemplaires/testset_5000_22.txt,5000,15,4.2691,1.92882
./exemplaires/testset_5000_22.txt,5000,20,4.3988,2.00716
./exemplaires/testset_5000_22.txt,5000,30,4.8512,2.03768
./exemplaires/testset_5000_22.txt,5000,50,6.0106,1.99557
./exemplaires/testset_5000_22.txt,5000,75,6.7677,1.98808
./exemplaires/testset_5000_22.txt,5000,100,8.0714,1.95588
./exemplaires/testset_5000_22.txt,5000,150,10.8545,1.97205
./exemplaires/testset_5000_22.txt,5000,200,12.6932,1.95769
./exemplaires/testset_5000_23.txt,5000,0,4.1715,2.02981
./exemplaires/testset_5000_23.txt,5000,2,4.1583,2.02564
./exemplaires/testset_5000_23.txt,5000,3,4.3786,2.30266
./exemplaires/testset_5000_23.txt,5000,4,5.8622,2.73225
./exemplaires/testset_5000_23.txt,5000,5,4.5714,2.59554
./exemplaires/testset_5000_23.txt,5000,8,4.6761,2.55504
./exemplaires/testset_5000_23.txt,5000,10,4.2579,2.136
./exemplaires/testset_5000_23.txt,5000,15,4.4058,1.99408
./exemplaires/testset_5000_23.txt,5000,20,5.0057,2.00251
./exemplaires/testset_5000_23.txt,5000,30,5.4911,2.0357
./exemplaires/testset_5000_23.txt,5000,50,5.7133,2.01075
./exemplaires/testset_5000_23.txt,5000,75,7.3459,2.01367
./exemplaires/testset_5000_23.txt,5000,100,8.6201,2.0133
./exemplaires/testset_5000_23.txt,5000,150,11.6575,2.01015
./exemplaires/testset_5000_23.txt,5000,200,13.6674,2.01362
./exemplaires/testset_5000_24.txt,5000,0,6.1122,2.028
./exemplaires/testset_5000_24.txt,5000,2,6.5756,2.00813
./exemplaires/testset_5000_24.txt,5000,3,6.1075,2.04089
./exemplaires/testset_5000_24.txt,5000,4,6.1016,2.24004
./exemplaires/testset_5000_24.txt,5000,5,6.6355,2.08449
./exemplaires/testset_5000_24.txt,5000,8,6.3211,2.0968
./exemplaires/testset_5000_24.txt,5000,10,6.8811,2.15742
./exemplaires/testset_5000_24.txt,5000,15,6.8504,2.06748
./exemplaires/testset_5000_24.txt,5000,20,6.6416,2.05983
./exemplaires/testset_5000_24.txt,5000,30,7.2878,2.00188
./exemplaires/testset_5000_24.txt,5000,50,8.327,2.18605
./exemplaires/testset_5000_24.txt,5000,75,9.4843,2.00406
./exemplaires/testset_5000_24.txt,5000,100,10.7523,2.01225
./exemplaires/testset_5000_24.txt,5000,150,13.2894,2.01724
./exemplaires/testset_5000_24.txt,5000,200,16.5786,2.03679
./exemplaires/testset_5000_25.txt,5000,0,11.0491,2.15623
./exemplaires/testset_5000_25.txt,5000,2,11.9781,2.39745
./exemplaires/testset_5000_25.txt,5000,3,11.5508,1.96978
./exemplaires/testset_5000_25.txt,5000,4,11.3797,1.96546
./exemplaires/testset_5000_25.txt,5000,5,11.4374,2.01319
./exemplaires/testset_5000_25.txt,5000,8,11.3807,1.96031
./exemplaires/testset_5000_25.txt,5000,10,11.2429,1.95328
./exemplaires/testset_5000_25.txt,5000,15,11.3022,1.95191
./exemplaires/testset_5000_25.txt,5000,20,11.6138,1.96897
./exemplaires/testset_5000_25.txt,5000,30,12.2808,1.95294
./exemplaires/testset_5000_25.txt,5000,50,12.9454,1.96059
./exemplaires/testset_5000_25.txt,5000,75,13.9971,1.9923
./exemplaires/testset_5000_25.txt,5000,100,15.0459,1.96488
./exemplaires/testset_5000_25.txt,5000,150,17.6864,1.94467
./exemplaires/testset_5000_25.txt,5000,200,19.2859,1.94477
./exemplaires/testset_5000_26.txt,5000,0,5.1014,1.98279
./exemplaires/testset_5000_26.txt,5000,2,5.1477,1.91788
./exemplaires/testset_5000_26.txt,5000,3,5.0665,1.96297
./exemplaires/testset_5000_26.txt,5000,4,5.1353,1.94409
./exemplaires/testset_5000_26.txt,5000,5,5.5069,1.94969
./exemplaires/testset_5000_26.txt,5000,8,5.1138,1.94747
./exemplaires/testset_5000_26.txt,5000,10,5.5406,1.93377
./exemplaires/testset_5000_26.txt,5000,15,5.2917,1.98793
./exemplaires/testset_5000_26.txt,5000,20,5.4521,1.99966
./exemplaires/testset_5000_26.txt,5000,30,6.7768,2.17135
./exemplaires/testset_5000_26.txt,5000,50,7.7062,2.15208
./exemplaires/testset_5000_26.txt,5000,75,9.6633,2.04991
./exemplaires/testset_5000_26.txt,5000,100,8.8983,1.94172
./exemplaires/testset_5000_26.txt,5000,150,12.434,1.97574
./exemplaires/testset_5000_26.txt,5000,200,16.1097,1.98096
./exemplaires/testset_5000_27.txt,5000,0,6.495,1.99349
./exemplaires/testset_5000_27.txt,5000,2,6.8534,1.98952
./exemplaires/testset_5000_27.txt,5000,3,6.5075,1.99276
./exemplaires/testset_5000_27.txt,5000,4,6.4745,1.98641
./exemplaires/testset_5000_27.txt,5000,5,9.4462,1.98645
./exemplaires/testset_5000_27.txt,5000,8,6.772,1.99427
./exemplaires/testset_5000_27.txt,5000,10,6.5555,2.22188
./exemplaires/testset_5000_27.txt,5000,15,6.6693,2.40015
./exemplaires/testset_5000_27.txt,5000,20,6.9566,2.32002
./exemplaires/testset_5000_27.txt,5000,30,7.5704,2.21424
./exemplaires/testset_5000_27.txt,5000,50,7.9249,2.27575
./exemplaires/testset_5000_27.txt,5000,75,9.141,2.29256
./exemplaires/testset_5000_27.txt,5000,100,10.2792,2.2397
./exemplaires/testset_5000_27.txt,5000,150,14.1509,2.19975
./exemplaires/testset_5000_27.txt,5000,200,15.6247,2.21004
./exemplaires/testset_5000_28.txt,5000,0,8.9475,2.02308
./exemplaires/testset_5000_28.txt,5000,2,8.0502,1.99687
./exemplaires/testset_5000_28.txt,5000,3,7.7123,1.98312
./exemplaires/testset_5000_28.txt,5000,4,7.7076,1.97448
./exemplaires/testset_5000_28.txt,5000,5,7.8222,1.99272
./exemplaires/testset_5000_28.txt,5000,8,7.5704,2.07621
./exemplaires/testset_5000_28.txt,5000,10,7.6299,1.95942
./exemplaires/testset_5000_28.txt,5000,15,8.3004,2.17951
./exemplaires/testset_5000_28.txt,5000,20,8.4263,1.99015
./exemplaires/testset_5000_28.txt,5000,30,8.722,1.97977
./exemplaires/testset_5000_28.txt,5000,50,9.466,2.17414
./exemplaires/testset_5000_28.txt,5000,75,11.0956,1.95462
./exemplaires/testset_5000_28.txt,5000,100,11.7294,1.95012
./exemplaires/testset_5000_28.txt,5000,150,14.7265,1.96026
./exemplaires/testset_5000_28.txt,5000,200,19.0462,2.00224
./exemplaires/testset_5000_29.txt,5000,0,4.52,1.96912
./exemplaires/testset_5000_29.txt,5000,2,4.6639,1.95699
./exemplaires/testset_5000_29.txt,5000,3,4.4578,2.0328
./exemplaires/testset_5000_29.txt,5000,4,4.8463,1.9502
./exemplaires/testset_5000_29.txt,5000,5,4.8181,2.00977
./exemplaires/testset_5000_29.txt,5000,8,4.5211,1.98616
./exemplaires/testset_5000_29.txt,5000,10,4.721,1.96995
./exemplaires/testset_5000_29.txt,5000,15,4.6976,2.09783
./exemplaires/testset_5000_29.txt,5000,20,4.8663,1.94471
./exemplaires/testset_5000_29.txt,5000,30,6.0086,1.95957
./exemplaires/testset_5000_29.txt,5000,50,6.2094,2.00533
./exemplaires/testset_5000_29.txt,5000,75,7.3716,1.95668
./exemplaires/testset_5000_29.txt,5000,100,8.8784,2.06423
./exemplaires/testset_5000_29.txt,5000,150,11.6435,2.67696
./exemplaires/testset_5000_29.txt,5000,200,24.655,2.13568
./exemplaires/testset_10000_0.txt,10000,0,5.0136,5.25555
./exemplaires/testset_10000_0.txt,10000,2,4.1408,6.0388
./exemplaires/testset_10000_0.txt,10000,3,4.8097,5.91772
./exemplaires/testset_10000_0.txt,10000,4,5.7826,6.97101
./exemplaires/testset_10000_0.txt,10000,5,4.5259,5.13205
./exemplaires/testset_10000_0.txt,10000,8,4.5998,4.96927
./exemplaires/testset_10000_0.txt,10000,10,5.0831,4.8418
./exemplaires/testset_10000_0.txt,10000,15,4.6602,4.82266
./exemplaires/testset_10000_0.txt,10000,20,5.0194,4.80562
./exemplaires/testset_10000_0.txt,10000,30,6.2875,4.75722
./exemplaires/testset_10000_0.txt,10000,50,7.6285,4.78851
./exemplaires/testset_10000_0.txt,10000,75,9.5325,4.71226
./exemplaires/testset_10000_0.txt,10000,100,11.7793,4.71005
./exemplaires/testset_10000_0.txt,10000,150,16.485,4.81763
./exemplaires/testset_10000_0.txt,10000,200,21.1586,4.72234
./exemplaires/testset_10000_1.txt,10000,0,3.9262,5.45044
./exemplaires/testset_10000_1.txt,10000,2,4.1507,4.54092
./exemplaires/testset_10000_1.txt,10000,3,3.7369,4.50357
./exemplaires/testset_10000_1.txt,10000,4,4.0053,4.49805
./exemplaires/testset_10000_1.txt,10000,5,4.1083,4.45848
./exemplaires/testset_10000_1.txt,10000,8,3.8706,4.54685
./exemplaires/testset_10000_1.txt,10000,10,3.9453,4.5963
./exemplaires/testset_10000_1.txt,10000,15,4.2325,4.60564
./exemplaires/testset_10000_1.txt,10000,20,4.6067,4.57935
./exemplaires/testset_10000_1.txt,10000,30,5.6665,4.59452
./exemplaires/testset_10000_1.txt,10000,50,6.9789,4.66937
./exemplaires/testset_10000_1.txt,10000,75,9.2519,4.77863
./exemplaires/testset_10000_1.txt,10000,100,11.8226,4.62766
./exemplaires/testset_10000_1.txt,10000,150,16.4104,4.8492
./exemplaires/testset_10000_1.txt,10000,200,31.3083,4.83447
./exemplaires/testset_10000_2.txt,10000,0,5.0442,4.86824
./exemplaires/testset_10000_2.txt,10000,2,4.2639,4.93735
./exemplaires/testset_10000_2.txt,10000,3,4.3543,4.79197
./exemplaires/testset_10000_2.txt,10000,4,4.5468,5.01224
./exemplaires/testset_10000_2.txt,10000,5,4.5567,4.84396
./exemplaires/testset_10000_2.txt,10000,8,4.3467,4.66852
./exemplaires/testset_10000_2.txt,10000,10,4.4114,4.74476
./exemplaires/testset_10000_2.txt,10000,15,4.7176,4.54554
./exemplaires/testset_10000_2.txt,10000,20,5.2136,4.55661
./exemplaires/testset_10000_2.txt,10000,30,5.9224,4.53971
./exemplaires/testset_10000_2.txt,10000,50,7.5523,4.58887
./exemplaires/testset_10000_2.txt,10000,75,10.5019,4.59819
./exemplaires/testset_10000_2.txt,10000,100,12.0788,4.60616
./exemplaires/testset_10000_2.txt,10000,150,16.4118,4.64423
./exemplaires/testset_10000_2.txt,10000,200,21.7089,4.72559
./exemplaires/testset_10000_3.txt,10000,0,4.4572,4.77431
./exemplaires/testset_10000_3.txt,10000,2,4.5496,4.7113
./exemplaires/testset_10000_3.txt,10000,3,4.1826,4.70632
./exemplaires/testset_10000_3.txt,10000,4,4.1713,4.68537
./exemplaires/testset_10000_3.txt,10000,5,5.4577,5.02923
./exemplaires/testset_10000_3.txt,10000,8,4.6385,4.58786
./exemplaires/testset_10000_3.txt,10000,10,4.3785,4.634
./exemplaires/testset_10000_3.txt,10000,15,7.2665,4.61981
./exemplaires/testset_10000_3.txt,10000,20,5.0392,4.66575
./exemplaires/testset_10000_3.txt,10000,30,5.9386,4.48374
./exemplaires/testset_10000_3.txt,10000,50,8.258,4.52072
./exemplaires/testset_10000_3.txt,10000,75,10.2341,4.45694
./exemplaires/testset_10000_3.txt,10000,100,11.63,4.96938
./exemplaires/testset_10000_3.txt,10000,150,22.7292,5.16673
./exemplaires/testset_10000_3.txt,10000,200,20.318,4.45294
./exemplaires/testset_10000_4.txt,10000,0,4.1559,4.98434
./exemplaires/testset_10000_4.txt,10000,2,4.4851,4.42709
./exemplaires/testset_10000_4.txt,10000,3,4.0005,4.46131
./exemplaires/testset_10000_4.txt,10000,4,3.9845,4.47258
./exemplaires/testset_10000_4.txt,10000,5,3.9964,5.26177
./exemplaires/testset_10000_4.txt,10000,8,4.4252,4.8622
./exemplaires/testset_10000_4.txt,10000,10,4.1964,4.84422
./exemplaires/testset_10000_4.txt,10000,15,4.7304,4.83606
./exemplaires/testset_10000_4.txt,10000,20,4.8785,4.86557
./exemplaires/testset_10000_4.txt,10000,30,5.6391,5.09877
./exemplaires/testset_10000_4.txt,10000,50,7.238,4.91019
./exemplaires/testset_10000_4.txt,10000,75,9.6141,4.84383
./exemplaires/testset_10000_4.txt,10000,100,11.6884,5.33732
./exemplaires/testset_10000_4.txt,10000,150,16.6706,4.84511
./exemplaires/testset_10000_4.txt,10000,200,21.5453,4.91433
./exemplaires/testset_10000_5.txt,10000,0,4.8924,4.67031
./exemplaires/testset_10000_5.txt,10000,2,4.3236,4.74575
./exemplaires/testset_10000_5.txt,10000,3,4.2965,4.633
./exemplaires/testset_10000_5.txt,10000,4,4.7078,4.58578
./exemplaires/testset_10000_5.txt,10000,5,4.4893,4.60839
./exemplaires/testset_10000_5.txt,10000,8,4.4051,4.6031
./exemplaires/testset_10000_5.txt,10000,10,4.4879,4.59105
./exemplaires/testset_10000_5.txt,10000,15,5.0314,4.56351
./exemplaires/testset_10000_5.txt,10000,20,5.5307,4.75368
./exemplaires/testset_10000_5.txt,10000,30,6.4515,4.63898
./exemplaires/testset_10000_5.txt,10000,50,7.8504,5.43141
./exemplaires/testset_10000_5.txt,10000,75,10.6606,4.65056
./exemplaires/testset_10000_5.txt,10000,100,12.9943,6.16182
./exemplaires/testset_10000_5.txt,10000,150,19.5326,4.88785
./exemplaires/testset_10000_5.txt,10000,200,20.743,4.58117
./exemplaires/testset_10000_6.txt,10000,0,6.3515,4.64838
./exemplaires/testset_10000_6.txt,10000,2,4.0466,4.60007
./exemplaires/testset_10000_6.txt,10000,3,4.0137,4.65854
./exemplaires/testset_10000_6.txt,10000,4,3.9911,4.67078
./exemplaires/testset_10000_6.txt,10000,5,4.9359,4.73031
./exemplaires/testset_10000_6.txt,10000,8,4.1358,4.71883
./exemplaires/testset_10000_6.txt,10000,10,4.2076,4.66271
./exemplaires/testset_10000_6.txt,10000,15,4.8519,4.65166
./exemplaires/testset_10000_6.txt,10000,20,4.8443,4.70045
./exemplaires/testset_10000_6.txt,10000,30,5.7496,4.72553
./exemplaires/testset_10000_6.txt,10000,50,8.0233,4.7021
./exemplaires/testset_10000_6.txt,10000,75,9.5092,5.15812
./exemplaires/testset_10000_6.txt,10000,100,11.8268,4.67517
./exemplaires/testset_10000_6.txt,10000,150,16.6037,4.68237
./exemplaires/testset_10000_6.txt,10000,200,19.946,5.34882
./exemplaires/testset_10000_7.txt,10000,0,4.5855,4.76931
./exemplaires/testset_10000_7.txt,10000,2,4.9744,5.64631
./exemplaires/testset_10000_7.txt,10000,3,4.0803,4.7396
./exemplaires/testset_10000_7.txt,10000,4,4.2529,4.72933
./exemplaires/testset_10000_7.txt,10000,5,4.2822,4.87141
./exemplaires/testset_10000_7.txt,10000,8,4.0852,4.72321
./exemplaires/testset_10000_7.txt,10000,10,4.1829,4.70039
./exemplaires/testset_10000_7.txt,10000,15,4.7988,4.72471
./exemplaires/testset_10000_7.txt,10000,20,4.8816,4.71618
./exemplaires/testset_10000_7.txt,10000,30,5.7112,4.81622
./exemplaires/testset_10000_7.txt,10000,50,7.7531,4.82903
./exemplaires/testset_10000_7.txt,10000,75,9.9214,4.95014
./exemplaires/testset_10000_7.txt,10000,100,19.9441,5.33237
./exemplaires/testset_10000_7.txt,10000,150,16.099,4.71076
./exemplaires/testset_10000_7.txt,10000,200,20.5853,4.87321
./exemplaires/testset_10000_8.txt,10000,0,4.1792,4.5179
./exemplaires/testset_10000_8.txt,10000,2,4.0394,4.5878
./exemplaires/testset_10000_8.txt,10000,3,4.385,4.57266
./exemplaires/testset_10000_8.txt,10000,4,4.1809,4.70979
./exemplaires/testset_10000_8.txt,10000,5,4.006,4.61871
./exemplaires/testset_10000_8.txt,10000,8,4.1337,4.5772
./exemplaires/testset_10000_8.txt,10000,10,4.3123,4.59271
./exemplaires/testset_10000_8.txt,10000,15,4.6491,4.61524
./exemplaires/testset_10000_8.txt,10000,20,4.873,4.57562
./exemplaires/testset_10000_8.txt,10000,30,5.6503,4.65307
./exemplaires/testset_10000_8.txt,10000,50,7.3701,4.5944
./exemplaires/testset_10000_8.txt,10000,75,9.3339,4.59259
./exemplaires/testset_10000_8.txt,10000,100,12.7204,4.74637
./exemplaires/testset_10000_8.txt,10000,150,16.9553,4.67271
./exemplaires/testset_10000_8.txt,10000,200,20.6794,4.61909
./exemplaires/testset_10000_9.txt,10000,0,3.9486,4.51388
./exemplaires/testset_10000_9.txt,10000,2,3.806,4.63498
./exemplaires/testset_10000_9.txt,10000,3,3.7655,4.50022
./exemplaires/testset_10000_9.txt,10000,4,3.8136,4.5194
./exemplaires/testset_10000_9.txt,10000,5,4.2454,4.53619
./exemplaires/testset_10000_9.txt,10000,8,3.9045,4.55155
./exemplaires/testset_10000_9.txt,10000,10,3.9831,4.54849
./exemplaires/testset_10000_9.txt,10000,15,4.2849,4.54681
./exemplaires/testset_10000_9.txt,10000,20,4.6307,4.56582
./exemplaires/testset_10000_9.txt,10000,30,5.7462,4.5267
./exemplaires/testset_10000_9.txt,10000,50,7.0392,4.58046
./exemplaires/testset_10000_9.txt,10000,75,9.2308,4.52371
./exemplaires/testset_10000_9.txt,10000,100,11.9047,4.57856
./exemplaires/testset_10000_9.txt,10000,150,15.5215,4.64195
./exemplaires/testset_10000_9.txt,10000,200,22.6788,5.08718
./exemplaires/testset_10000_10.txt,10000,0,4.3752,4.64546
./exemplaires/testset_10000_10.txt,10000,2,3.9488,4.62745
./exemplaires/testset_10000_10.txt,10000,3,4.0588,4.60418
./exemplaires/testset_10000_10.txt,10000,4,4.1283,4.53597
./exemplaires/testset_10000_10.txt,10000,5,4.4016,4.52387
./exemplaires/testset_10000_10.txt,10000,8,4.1051,4.59089
./exemplaires/testset_10000_10.txt,10000,10,4.2894,4.64389
./exemplaires/testset_10000_10.txt,10000,15,4.5786,4.65183
./exemplaires/testset_10000_10.txt,10000,20,5.2625,4.63965
./exemplaires/testset_10000_10.txt,10000,30,5.7032,4.65799
./exemplaires/testset_10000_10.txt,10000,50,7.2047,4.63721
./exemplaires/testset_10000_10.txt,10000,75,9.752,4.84313
./exemplaires/testset_10000_10.txt,10000,100,12.3856,4.73183
./exemplaires/testset_10000_10.txt,10000,150,16.2309,4.67409
./exemplaires/testset_10000_10.txt,10000,200,20.778,5.07109
./exemplaires/testset_10000_11.txt,10000,0,4.4146,4.67439
./exemplaires/testset_10000_11.txt,10000,2,4.6526,4.66926
./exemplaires/testset_10000_11.txt,10000,3,5.1086,4.7519
./exemplaires/testset_10000_11.txt,10000,4,4.4916,4.67278
./exemplaires/testset_10000_11.txt,10000,5,4.6543,4.62303
./exemplaires/testset_10000_11.txt,10000,8,4.4353,4.65868
./exemplaires/testset_10000_11.txt,10000,10,4.5201,4.61606
./exemplaires/testset_10000_11.txt,10000,15,4.8479,4.77305
./exemplaires/testset_10000_11.txt,10000,20,5.6347,4.5357
./exemplaires/testset_10000_11.txt,10000,30,6.0196,4.49802
./exemplaires/testset_10000_11.txt,10000,50,7.7947,4.5044
./exemplaires/testset_10000_11.txt,10000,75,9.7588,4.51989
./exemplaires/testset_10000_11.txt,10000,100,12.5806,4.52983
./exemplaires/testset_10000_11.txt,10000,150,16.2442,4.64693
./exemplaires/testset_10000_11.txt,10000,200,20.8011,4.52118
./exemplaires/testset_10000_12.txt,10000,0,4.6623,4.9233
./exemplaires/testset_10000_12.txt,10000,2,4.1749,5.15478
./exemplaires/testset_10000_12.txt,10000,3,4.3044,4.88561
./exemplaires/testset_10000_12.txt,10000,4,4.1612,4.89959
./exemplaires/testset_10000_12.txt,10000,5,4.3867,4.85986
./exemplaires/testset_10000_12.txt,10000,8,4.3254,4.83868
./exemplaires/testset_10000_12.txt,10000,10,4.4138,4.87949
./exemplaires/testset_10000_12.txt,10000,15,4.7275,4.84651
./exemplaires/testset_10000_12.txt,10000,20,5.1372,4.84603
./exemplaires/testset_10000_12.txt,10000,30,6.3086,4.8082
./exemplaires/testset_10000_12.txt,10000,50,7.57,4.77802
./exemplaires/testset_10000_12.txt,10000,75,9.8774,4.79663
./exemplaires/testset_10000_12.txt,10000,100,12.2268,4.85521
./exemplaires/testset_10000_12.txt,10000,150,17.5128,4.78543
./exemplaires/testset_10000_12.txt,10000,200,21.2671,4.88495
./exemplaires/testset_10000_13.txt,10000,0,4.2186,4.63533
./exemplaires/testset_10000_13.txt,10000,2,4.1027,4.88641
./exemplaires/testset_10000_13.txt,10000,3,5.5414,4.5259
./exemplaires/testset_10000_13.txt,10000,4,4.3375,4.57313
./exemplaires/testset_10000_13.txt,10000,5,4.1338,4.50817
./exemplaires/testset_10000_13.txt,10000,8,4.2472,4.71573
./exemplaires/testset_10000_13.txt,10000,10,4.7214,4.61755
./exemplaires/testset_10000_13.txt,10000,15,5.0159,4.51892
./exemplaires/testset_10000_13.txt,10000,20,5.0518,4.69132
./exemplaires/testset_10000_13.txt,10000,30,6.3588,4.86221
./exemplaires/testset_10000_13.txt,10000,50,7.7278,4.73154
./exemplaires/testset_10000_13.txt,10000,75,9.9468,4.68072
./exemplaires/testset_10000_13.txt,10000,100,12.1843,4.66585
./exemplaires/testset_10000_13.txt,10000,150,17.4796,4.67059
./exemplaires/testset_10000_13.txt,10000,200,21.8531,4.84682
./exemplaires/testset_10000_14.txt,10000,0,5.8572,5.81592
./exemplaires/testset_10000_14.txt,10000,2,5.6863,5.6544
./exemplaires/testset_10000_14.txt,10000,3,4.2287,4.72354
./exemplaires/testset_10000_14.txt,10000,4,3.9202,4.84821
./exemplaires/testset_10000_14.txt,10000,5,4.5234,4.49274
./exemplaires/testset_10000_14.txt,10000,8,4.2618,4.55068
./exemplaires/testset_10000_14.txt,10000,10,4.1727,5.20658
./exemplaires/testset_10000_14.txt,10000,15,4.8125,4.48882
./exemplaires/testset_10000_14.txt,10000,20,5.2057,4.52798
./exemplaires/testset_10000_14.txt,10000,30,5.7174,4.53242
./exemplaires/testset_10000_14.txt,10000,50,7.2765,4.50711
./exemplaires/testset_10000_14.txt,10000,75,10.0541,4.53593
./exemplaires/testset_10000_14.txt,10000,100,12.0192,4.48051
./exemplaires/testset_10000_14.txt,10000,150,15.9001,4.45906
./exemplaires/testset_10000_14.txt,10000,200,21.3585,4.50612
./exemplaires/testset_10000_15.txt,10000,0,4.2673,4.67026
./exemplaires/testset_10000_15.txt,10000,2,5.1522,5.12712
./exemplaires/testset_10000_15.txt,10000,3,4.2752,4.84743
./exemplaires/testset_10000_15.txt,10000,4,4.565,4.66943
./exemplaires/testset_10000_15.txt,10000,5,4.2029,4.65863
./exemplaires/testset_10000_15.txt,10000,8,4.3196,4.64101
./exemplaires/testset_10000_15.txt,10000,10,4.4171,4.6467
./exemplaires/testset_10000_15.txt,10000,15,4.8741,4.68699
./exemplaires/testset_10000_15.txt,10000,20,5.1017,4.64675
./exemplaires/testset_10000_15.txt,10000,30,5.9013,4.65678
./exemplaires/testset_10000_15.txt,10000,50,7.7232,4.65629
./exemplaires/testset_10000_15.txt,10000,75,9.6651,4.861
./exemplaires/testset_10000_15.txt,10000,100,11.7573,4.87868
./exemplaires/testset_10000_15.txt,10000,150,16.6604,4.87406
./exemplaires/testset_10000_15.txt,10000,200,21.1927,4.85271
./exemplaires/testset_10000_16.txt,10000,0,4.0123,4.90595
./exemplaires/testset_10000_16.txt,10000,2,3.9596,4.76914
./exemplaires/testset_10000_16.txt,10000,3,5.1587,5.51597
./exemplaires/testset_10000_16.txt,10000,4,4.5195,5.37607
./exemplaires/testset_10000_16.txt,10000,5,4.2189,4.85419
./exemplaires/testset_10000_16.txt,10000,8,4.6348,4.6179
./exemplaires/testset_10000_16.txt,10000,10,4.1313,4.62896
./exemplaires/testset_10000_16.txt,10000,15,4.4554,4.8043
./exemplaires/testset_10000_16.txt,10000,20,5.4926,4.72327
./exemplaires/testset_10000_16.txt,10000,30,5.5907,4.6207
./exemplaires/testset_10000_16.txt,10000,50,7.2793,4.60979
./exemplaires/testset_10000_16.txt,10000,75,9.9267,4.62857
./exemplaires/testset_10000_16.txt,10000,100,12.4616,4.67
./exemplaires/testset_10000_16.txt,10000,150,15.7935,4.73843
./exemplaires/testset_10000_16.txt,10000,200,22.0149,4.73778
./exemplaires/testset_10000_17.txt,10000,0,4.1439,4.81233
./exemplaires/testset_10000_17.txt,10000,2,4.3766,4.97449
./exemplaires/testset_10000_17.txt,10000,3,4.0473,4.89699
./exemplaires/testset_10000_17.txt,10000,4,5.5855,4.62641
./exemplaires/testset_10000_17.txt,10000,5,4.5897,4.6759
./exemplaires/testset_10000_17.txt,10000,8,4.2396,4.57258
./exemplaires/testset_10000_17.txt,10000,10,4.3238,4.64859
./exemplaires/testset_10000_17.txt,10000,15,4.6347,4.59077
./exemplaires/testset_10000_17.txt,10000,20,5.3654,4.60391
./exemplaires/testset_10000_17.txt,10000,30,5.785,4.56312
./exemplaires/testset_10000_17.txt,10000,50,7.4714,4.5908
./exemplaires/testset_10000_17.txt,10000,75,10.0048,4.55449
./exemplaires/testset_10000_17.txt,10000,100,12.0785,4.58659
./exemplaires/testset_10000_17.txt,10000,150,17.0357,4.50925
./exemplaires/testset_10000_17.txt,10000,200,21.0338,4.54817
./exemplaires/testset_10000_18.txt,10000,0,5.8916,4.71895
./exemplaires/testset_10000_18.txt,10000,2,4.3604,4.79961
./exemplaires/testset_10000_18.txt,10000,3,4.4078,4.73312
./exemplaires/testset_10000_18.txt,10000,4,4.6258,4.6568
./exemplaires/testset_10000_18.txt,10000,5,4.3322,4.97317
./exemplaires/testset_10000_18.txt,10000,8,4.4805,5.40534
./exemplaires/testset_10000_18.txt,10000,10,5.0613,4.72311
./exemplaires/testset_10000_18.txt,10000,15,5.0545,4.63747
./exemplaires/testset_10000_18.txt,10000,20,5.2217,4.71882
./exemplaires/testset_10000_18.txt,10000,30,6.358,4.86706
./exemplaires/testset_10000_18.txt,10000,50,7.7978,4.79449
./exemplaires/testset_10000_18.txt,10000,75,10.0409,4.76147
./exemplaires/testset_10000_18.txt,10000,100,12.6096,4.85169
./exemplaires/testset_10000_18.txt,10000,150,17.709,4.87045
./exemplaires/testset_10000_18.txt,10000,200,21.5341,4.83726
./exemplaires/testset_10000_19.txt,10000,0,4.248,4.78332
./exemplaires/testset_10000_19.txt,10000,2,4.3614,4.71359
./exemplaires/testset_10000_19.txt,10000,3,4.1723,4.6169
./exemplaires/testset_10000_19.txt,10000,4,3.9808,4.67763
./exemplaires/testset_10000_19.txt,10000,5,3.9998,4.71861
./exemplaires/testset_10000_19.txt,10000,8,6.2073,5.33248
./exemplaires/testset_10000_19.txt,10000,10,4.4965,4.83915
./exemplaires/testset_10000_19.txt,10000,15,4.5573,4.97827
./exemplaires/testset_10000_19.txt,10000,20,5.5822,4.70643
./exemplaires/testset_10000_19.txt,10000,30,6.7924,5.17613
./exemplaires/testset_10000_19.txt,10000,50,7.807,4.59069
./exemplaires/testset_10000_19.txt,10000,75,9.541,4.61116
./exemplaires/testset_10000_19.txt,10000,100,12.049,4.54525
./exemplaires/testset_10000_19.txt,10000,150,16.8224,4.59675
./exemplaires/testset_10000_19.txt,10000,200,20.9254,5.4338
./exemplaires/testset_10000_20.txt,10000,0,15.3803,4.30676
./exemplaires/testset_10000_20.txt,10000,2,15.4921,4.50551
./exemplaires/testset_10000_20.txt,10000,3,15.183,4.28826
./exemplaires/testset_10000_20.txt,10000,4,15.346,4.46475
./exemplaires/testset_10000_20.txt,10000,5,15.3548,4.35073
./exemplaires/testset_10000_20.txt,10000,8,16.4422,4.71809
./exemplaires/testset_10000_20.txt,10000,10,29.8365,5.67672
./exemplaires/testset_10000_20.txt,10000,15,18.114,5.92158
./exemplaires/testset_10000_20.txt,10000,20,20.1779,5.36694
./exemplaires/testset_10000_20.txt,10000,30,17.6997,4.68081
./exemplaires/testset_10000_20.txt,10000,50,19.3729,5.1258
./exemplaires/testset_10000_20.txt,10000,75,27.1406,4.25588
./exemplaires/testset_10000_20.txt,10000,100,23.2089,4.67587
./exemplaires/testset_10000_20.txt,10000,150,27.5075,4.66834
./exemplaires/testset_10000_20.txt,10000,200,34.949,4.58575
./exemplaires/testset_10000_21.txt,10000,0,16.7502,4.4796
./exemplaires/testset_10000_21.txt,10000,2,16.6711,4.82759
./exemplaires/testset_10000_21.txt,10000,3,16.6752,4.62082
./exemplaires/testset_10000_21.txt,10000,4,16.5969,4.48884
./exemplaires/testset_10000_21.txt,10000,5,16.7183,4.46037
./exemplaires/testset_10000_21.txt,10000,8,16.7129,4.54285
./exemplaires/testset_10000_21.txt,10000,10,16.8934,4.50641
./exemplaires/testset_10000_21.txt,10000,15,17.574,4.49768
./exemplaires/testset_10000_21.txt,10000,20,17.3979,4.48358
./exemplaires/testset_10000_21.txt,10000,30,18.2212,4.46402
./exemplaires/testset_10000_21.txt,10000,50,19.7243,4.42096
./exemplaires/testset_10000_21.txt,10000,75,22.06,4.09151
./exemplaires/testset_10000_21.txt,10000,100,23.798,4.05649
./exemplaires/testset_10000_21.txt,10000,150,28.9878,4.08086
./exemplaires/testset_10000_21.txt,10000,200,37.1589,4.14883
./exemplaires/testset_10000_22.txt,10000,0,16.7393,5.59903
./exemplaires/testset_10000_22.txt,10000,2,16.0842,4.83624
./exemplaires/testset_10000_22.txt,10000,3,19.0385,5.26201
./exemplaires/testset_10000_22.txt,10000,4,16.5899,4.37923
./exemplaires/testset_10000_22.txt,10000,5,16.3361,4.28207
./exemplaires/testset_10000_22.txt,10000,8,15.8102,4.24962
./exemplaires/testset_10000_22.txt,10000,10,15.9206,4.21726
./exemplaires/testset_10000_22.txt,10000,15,16.2722,4.40303
./exemplaires/testset_10000_22.txt,10000,20,16.8001,4.22528
./exemplaires/testset_10000_22.txt,10000,30,17.8585,4.24094
./exemplaires/testset_10000_22.txt,10000,50,20.8476,4.18747
./exemplaires/testset_10000_22.txt,10000,75,20.9969,4.18732
./exemplaires/testset_10000_22.txt,10000,100,23.194,4.20157
./exemplaires/testset_10000_22.txt,10000,150,28.002,4.20284
./exemplaires/testset_10000_22.txt,10000,200,33.6777,4.19673
./exemplaires/testset_10000_23.txt,10000,0,12.9611,4.50472
./exemplaires/testset_10000_23.txt,10000,2,13.013,4.54256
./exemplaires/testset_10000_23.txt,10000,3,12.9624,4.3358
./exemplaires/testset_10000_23.txt,10000,4,12.4046,4.50141
./exemplaires/testset_10000_23.txt,10000,5,19.0995,6.15218
./exemplaires/testset_10000_23.txt,10000,8,13.4654,4.99105
./exemplaires/testset_10000_23.txt,10000,10,18.1928,4.3568
./exemplaires/testset_10000_23.txt,10000,15,12.8252,4.32246
./exemplaires/testset_10000_23.txt,10000,20,13.1922,4.25167
./exemplaires/testset_10000_23.txt,10000,30,14.2003,4.27452
./exemplaires/testset_10000_23.txt,10000,50,16.6625,4.25436
./exemplaires/testset_10000_23.txt,10000,75,17.9074,4.27469
./exemplaires/testset_10000_23.txt,10000,100,21.5271,4.29049
./exemplaires/testset_10000_23.txt,10000,150,25.2628,4.23034
./exemplaires/testset_10000_23.txt,10000,200,31.2711,4.95419
./exemplaires/testset_10000_24.txt,10000,0,22.4629,4.77609
./exemplaires/testset_10000_24.txt,10000,2,18.8118,4.51279
./exemplaires/testset_10000_24.txt,10000,3,17.5559,4.39832
./exemplaires/testset_10000_24.txt,10000,4,17.9369,4.36453
./exemplaires/testset_10000_24.txt,10000,5,18.4317,4.25063
./exemplaires/testset_10000_24.txt,10000,8,17.6431,4.18203
./exemplaires/testset_10000_24.txt,10000,10,18.2142,4.28556
./exemplaires/testset_10000_24.txt,10000,15,18.2003,4.50326
./exemplaires/testset_10000_24.txt,10000,20,18.7489,4.89826
./exemplaires/testset_10000_24.txt,10000,30,26.9965,11.9337
./exemplaires/testset_10000_24.txt,10000,50,40.761,7.24014
./exemplaires/testset_10000_24.txt,10000,75,32.824,5.51173
./exemplaires/testset_10000_24.txt,10000,100,27.6136,4.72163
./exemplaires/testset_10000_24.txt,10000,150,31.0128,4.61198
./exemplaires/testset_10000_24.txt,10000,200,36.1744,4.50549
./exemplaires/testset_10000_25.txt,10000,0,9.9207,4.14282
./exemplaires/testset_10000_25.txt,10000,2,10.7258,4.35548
./exemplaires/testset_10000_25.txt,10000,3,11.6713,4.21374
./exemplaires/testset_10000_25.txt,10000,4,10.1311,4.49436
./exemplaires/testset_10000_25.txt,10000,5,10.6099,4.30362
./exemplaires/testset_10000_25.txt,10000,8,9.9914,4.44426
./exemplaires/testset_10000_25.txt,10000,10,11.0273,4.29476
./exemplaires/testset_10000_25.txt,10000,15,10.388,4.40506
./exemplaires/testset_10000_25.txt,10000,20,11.4505,4.40944
./exemplaires/testset_10000_25.txt,10000,30,11.5507,4.32052
./exemplaires/testset_10000_25.txt,10000,50,13.4937,4.32257
./exemplaires/testset_10000_25.txt,10000,75,16.2947,5.02473
./exemplaires/testset_10000_25.txt,10000,100,19.6147,5.15115
./exemplaires/testset_10000_25.txt,10000,150,34.8869,4.95222
./exemplaires/testset_10000_25.txt,10000,200,29.63,4.58839
./exemplaires/testset_10000_26.txt,10000,0,16.2206,4.19664
./exemplaires/testset_10000_26.txt,10000,2,15.5179,4.61268
./exemplaires/testset_10000_26.txt,10000,3,14.7148,4.25623
./exemplaires/testset_10000_26.txt,10000,4,14.6225,4.21382
./exemplaires/testset_10000_26.txt,10000,5,14.8536,4.38436
./exemplaires/testset_10000_26.txt,10000,8,15.8236,4.33757
./exemplaires/testset_10000_26.txt,10000,10,15.3888,4.49284
./exemplaires/testset_10000_26.txt,10000,15,16.699,4.40898
./exemplaires/testset_10000_26.txt,10000,20,15.8565,4.24817
./exemplaires/testset_10000_26.txt,10000,30,16.3513,4.26273
./exemplaires/testset_10000_26.txt,10000,50,21.3907,4.19323
./exemplaires/testset_10000_26.txt,10000,75,21.0303,4.27123
./exemplaires/testset_10000_26.txt,10000,100,23.5284,4.47328
./exemplaires/testset_10000_26.txt,10000,150,36.1932,5.76392
./exemplaires/testset_10000_26.txt,10000,200,35.6081,4.49359
./exemplaires/testset_10000_27.txt,10000,0,17.013,4.1917
./exemplaires/testset_10000_27.txt,10000,2,16.7852,5.23882
./exemplaires/testset_10000_27.txt,10000,3,16.7809,4.18783
./exemplaires/testset_10000_27.txt,10000,4,16.8295,4.19499
./exemplaires/testset_10000_27.txt,10000,5,16.7006,4.21825
./exemplaires/testset_10000_27.txt,10000,8,16.7259,4.20292
./exemplaires/testset_10000_27.txt,10000,10,16.9313,5.15051
./exemplaires/testset_10000_27.txt,10000,15,19.4795,4.20496
./exemplaires/testset_10000_27.txt,10000,20,17.8913,4.70938
./exemplaires/testset_10000_27.txt,10000,30,18.1896,4.21612
./exemplaires/testset_10000_27.txt,10000,50,21.592,5.02913
./exemplaires/testset_10000_27.txt,10000,75,21.6903,4.21877
./exemplaires/testset_10000_27.txt,10000,100,24.2896,4.21503
./exemplaires/testset_10000_27.txt,10000,150,30.0542,4.18916
./exemplaires/testset_10000_27.txt,10000,200,35.413,4.26426
./exemplaires/testset_10000_28.txt,10000,0,10.5699,4.30297
./exemplaires/testset_10000_28.txt,10000,2,10.148,4.38935
./exemplaires/testset_10000_28.txt,10000,3,10.4281,4.33244
./exemplaires/testset_10000_28.txt,10000,4,10.4982,4.29294
./exemplaires/testset_10000_28.txt,10000,5,10.0774,4.32892
./exemplaires/testset_10000_28.txt,10000,8,10.3743,4.29959
./exemplaires/testset_10000_28.txt,10000,10,10.2297,4.28306
./exemplaires/testset_10000_28.txt,10000,15,10.7942,4.55186
./exemplaires/testset_10000_28.txt,10000,20,15.4767,4.34023
./exemplaires/testset_10000_28.txt,10000,30,11.7089,4.30307
./exemplaires/testset_10000_28.txt,10000,50,13.4077,4.29156
./exemplaires/testset_10000_28.txt,10000,75,15.6741,4.3185
./exemplaires/testset_10000_28.txt,10000,100,18.1796,4.29104
./exemplaires/testset_10000_28.txt,10000,150,23.0627,4.27791
./exemplaires/testset_10000_28.txt,10000,200,29.0723,4.31496
./exemplaires/testset_10000_29.txt,10000,0,10.648,4.32312
./exemplaires/testset_10000_29.txt,10000,2,10.2121,4.36624
./exemplaires/testset_10000_29.txt,10000,3,10.3318,4.30333
./exemplaires/testset_10000_29.txt,10000,4,9.9875,4.35167
./exemplaires/testset_10000_29.txt,10000,5,10.3556,4.23557
./exemplaires/testset_10000_29.txt,10000,8,10.0934,4.30306
./exemplaires/testset_10000_29.txt,10000,10,10.2895,4.22567
./exemplaires/testset_10000_29.txt,10000,15,10.8388,4.40104
./exemplaires/testset_10000_29.txt,10000,20,11.1314,4.44781
./exemplaires/testset_10000_29.txt,10000,30,12.8123,4.29368
./exemplaires/testset_10000_29.txt,10000,50,13.3444,4.4079
./exemplaires/testset_10000_29.txt,10000,75,17.4431,4.69107
./exemplaires/testset_10000_29.txt,10000,100,18.2646,4.26504
./exemplaires/testset_10000_29.txt,10000,150,23.3878,4.23951
./exemplaires/testset_10000_29.txt,10000,200,29.5798,4.24034
